Object,Filter,MJD,Flux,Error
1H2106-099,g,58670.146687, 3.965, 0.033
1H2106-099,g,58670.148226, 3.954, 0.035
1H2106-099,g,58676.878905, 3.894, 0.030
1H2106-099,g,58676.880609, 3.902, 0.030
1H2106-099,g,58677.066537, 3.907, 0.030
1H2106-099,g,58677.068229, 3.890, 0.030
1H2106-099,g,58678.100651, 3.933, 0.032
1H2106-099,g,58678.102344, 3.971, 0.030
1H2106-099,g,58679.870875, 4.099, 0.040
1H2106-099,g,58679.872567, 4.085, 0.040
1H2106-099,g,58686.049378, 4.281, 0.031
1H2106-099,g,58686.057858, 4.271, 0.030
1H2106-099,g,58686.059180, 4.294, 0.032
1H2106-099,g,58689.989011, 4.253, 0.030
1H2106-099,g,58689.990715, 4.257, 0.030
1H2106-099,g,58698.063480, 4.205, 0.031
1H2106-099,g,58698.065183, 4.214, 0.030
1H2106-099,g,58699.067974, 4.240, 0.030
1H2106-099,g,58699.069666, 4.243, 0.030
1H2106-099,g,58704.927548, 4.406, 0.030
1H2106-099,g,58704.929252, 4.591, 0.038
1H2106-099,g,58705.799985, 4.338, 0.031
1H2106-099,g,58705.801678, 4.303, 0.038
1H2106-099,g,58712.815773, 4.456, 0.033
1H2106-099,g,58712.817473, 4.464, 0.033
1H2106-099,g,58715.858746, 4.470, 0.030
1H2106-099,g,58715.860438, 4.477, 0.030
1H2106-099,g,58717.933580, 4.584, 0.030
1H2106-099,g,58717.935273, 4.579, 0.030
1H2106-099,g,58718.768375, 4.569, 0.030
1H2106-099,g,58718.770079, 4.568, 0.030
1H2106-099,g,58719.796039, 4.610, 0.030
1H2106-099,g,58719.797731, 4.603, 0.030
1H2106-099,g,58720.759076, 4.593, 0.030
1H2106-099,g,58720.760771, 4.568, 0.035
1H2106-099,g,58722.009635, 4.617, 0.030
1H2106-099,g,58722.011336, 4.600, 0.033
1H2106-099,g,58726.768458, 4.643, 0.030
1H2106-099,g,58726.770150, 4.652, 0.030
1H2106-099,g,58727.768426, 4.659, 0.030
1H2106-099,g,58727.770107, 4.636, 0.030
1H2106-099,g,58731.810763, 4.674, 0.030
1H2106-099,g,58731.812096, 4.674, 0.030
1H2106-099,g,58732.760765, 4.620, 0.030
1H2106-099,g,58732.762456, 4.646, 0.030
1H2106-099,g,58732.803613, 4.649, 0.030
1H2106-099,g,58732.804955, 4.621, 0.030
1H2106-099,g,58734.721212, 4.655, 0.034
1H2106-099,g,58734.722904, 4.628, 0.034
1H2106-099,g,58734.748590, 4.676, 0.032
1H2106-099,g,58734.750294, 4.613, 0.032
1H2106-099,g,58751.826154, 4.669, 0.029
1H2106-099,g,58751.827849, 4.653, 0.029
1H2106-099,g,58753.729737, 4.517, 0.030
1H2106-099,g,58753.731441, 4.504, 0.030
1H2106-099,g,58762.833035, 4.367, 0.030
1H2106-099,g,58762.834731, 4.383, 0.030
1H2106-099,g,58762.865869, 4.486, 0.081
1H2106-099,g,58762.867213, 4.404, 0.127
1H2106-099,g,58767.794915, 4.482, 0.030
1H2106-099,g,58767.796619, 4.476, 0.030
1H2106-099,g,58768.740662, 4.471, 0.030
1H2106-099,g,58768.742361, 4.482, 0.030
1H2106-099,g,58769.738108, 4.454, 0.030
1H2106-099,g,58769.739802, 4.472, 0.030
1H2106-099,g,58770.738829, 4.447, 0.031
1H2106-099,g,58770.740529, 4.436, 0.034
1H2106-099,g,58771.759242, 4.499, 0.030
1H2106-099,g,58771.760938, 4.493, 0.030
1H2106-099,g,58772.800156, 4.505, 0.032
1H2106-099,g,58772.801859, 4.498, 0.034
1H2106-099,g,58781.805341, 4.688, 0.031
1H2106-099,g,58781.807056, 4.684, 0.032
1H2106-099,g,58796.807858, 4.698, 0.031
1H2106-099,g,58796.809209, 4.673, 0.031
1H2106-099,g,58800.791804, 4.728, 0.030
1H2106-099,g,58800.793148, 4.728, 0.030
1H2106-099,g,58675.902156, 3.897, 0.018
1H2106-099,g,58675.903499, 3.889, 0.018
1H2106-099,g,58677.876482, 3.955, 0.019
1H2106-099,g,58677.878174, 3.970, 0.019
1H2106-099,g,58678.873632, 3.939, 0.026
1H2106-099,g,58678.875323, 3.979, 0.021
1H2106-099,g,58679.114253, 4.039, 0.018
1H2106-099,g,58681.014681, 4.015, 0.032
1H2106-099,g,58681.016373, 4.059, 0.031
1H2106-099,g,58684.956959, 4.240, 0.018
1H2106-099,g,58684.958652, 4.264, 0.018
1H2106-099,g,58690.883872, 4.212, 0.017
1H2106-099,g,58690.885566, 4.240, 0.017
1H2106-099,g,58692.044065, 4.176, 0.018
1H2106-099,g,58692.045781, 4.173, 0.018
1H2106-099,g,58692.938273, 4.153, 0.017
1H2106-099,g,58692.940000, 4.156, 0.017
1H2106-099,g,58693.083268, 4.142, 0.017
1H2106-099,g,58693.084960, 4.143, 0.017
1H2106-099,g,58698.883135, 4.260, 0.017
1H2106-099,g,58698.884479, 4.273, 0.017
1H2106-099,g,58704.817747, 4.334, 0.019
1H2106-099,g,58704.819092, 4.313, 0.018
1H2106-099,g,58707.937017, 4.405, 0.021
1H2106-099,g,58707.938362, 4.375, 0.021
1H2106-099,g,58707.964338, 4.416, 0.019
1H2106-099,g,58707.966031, 4.403, 0.019
1H2106-099,g,58711.791448, 4.471, 0.026
1H2106-099,g,58711.793144, 4.451, 0.026
1H2106-099,g,58713.794885, 4.421, 0.018
1H2106-099,g,58713.796577, 4.421, 0.018
1H2106-099,g,58714.998735, 4.454, 0.018
1H2106-099,g,58715.000420, 4.465, 0.018
1H2106-099,g,58715.876067, 4.490, 0.018
1H2106-099,g,58715.877410, 4.483, 0.018
1H2106-099,g,58717.011287, 4.512, 0.018
1H2106-099,g,58717.012980, 4.522, 0.018
1H2106-099,g,58723.948851, 4.690, 0.017
1H2106-099,g,58723.950543, 4.681, 0.017
1H2106-099,g,58746.761965, 4.629, 0.019
1H2106-099,g,58749.850900, 4.594, 0.017
1H2106-099,g,58749.852592, 4.603, 0.017
1H2106-099,g,58752.890486, 4.405, 0.019
1H2106-099,g,58752.892179, 4.401, 0.020
1H2106-099,g,58759.871299, 4.259, 0.017
1H2106-099,g,58759.872991, 4.245, 0.017
1H2106-099,g,58768.845596, 4.467, 0.018
1H2106-099,g,58768.847278, 4.481, 0.018
1H2106-099,g,58660.684969, 4.358, 0.021
1H2106-099,g,58660.686684, 4.365, 0.021
1H2106-099,g,58664.768462, 4.258, 0.021
1H2106-099,g,58664.770179, 4.241, 0.021
1H2106-099,g,58665.683979, 4.180, 0.028
1H2106-099,g,58665.685672, 4.149, 0.084
1H2106-099,g,58666.717975, 4.136, 0.021
1H2106-099,g,58666.719679, 4.139, 0.021
1H2106-099,g,58684.681449, 4.288, 0.030
1H2106-099,g,58684.683167, 4.263, 0.023
1H2106-099,g,58686.682717, 4.308, 0.027
1H2106-099,g,58686.684421, 4.306, 0.026
1H2106-099,g,58686.707904, 4.283, 0.021
1H2106-099,g,58686.709610, 4.259, 0.021
1H2106-099,g,58687.751636, 4.275, 0.021
1H2106-099,g,58687.752981, 4.265, 0.021
1H2106-099,g,58688.567077, 4.257, 0.021
1H2106-099,g,58688.568794, 4.255, 0.021
1H2106-099,g,58690.733806, 4.225, 0.021
1H2106-099,g,58690.735498, 4.227, 0.021
1H2106-099,g,58691.630116, 4.224, 0.022
1H2106-099,g,58691.631472, 4.241, 0.027
1H2106-099,g,58691.690282, 4.206, 0.021
1H2106-099,g,58691.692000, 4.215, 0.021
1H2106-099,g,58696.704864, 4.165, 0.021
1H2106-099,g,58696.706568, 4.161, 0.021
1H2106-099,g,58701.566406, 4.300, 0.030
1H2106-099,g,58701.567512, 4.290, 0.021
1H2106-099,g,58701.569205, 4.310, 0.025
1H2106-099,g,58703.455915, 4.288, 0.021
1H2106-099,g,58703.457621, 4.291, 0.021
1H2106-099,g,58707.567443, 4.373, 0.022
1H2106-099,g,58707.569148, 4.362, 0.021
1H2106-099,g,58712.426496, 4.441, 0.023
1H2106-099,g,58712.428212, 4.442, 0.023
1H2106-099,g,58714.546133, 4.447, 0.021
1H2106-099,g,58714.547827, 4.461, 0.021
1H2106-099,g,58714.678724, 4.457, 0.021
1H2106-099,g,58714.680430, 4.445, 0.021
1H2106-099,g,58728.618437, 4.629, 0.021
1H2106-099,g,58728.620131, 4.645, 0.021
1H2106-099,g,58731.574042, 4.678, 0.021
1H2106-099,g,58731.575758, 4.684, 0.022
1H2106-099,g,58733.489793, 4.638, 0.022
1H2106-099,g,58733.491497, 4.632, 0.021
1H2106-099,g,58739.572622, 4.388, 0.037
1H2106-099,g,58739.574314, 4.374, 0.041
1H2106-099,g,58740.540090, 4.677, 0.028
1H2106-099,g,58740.541795, 4.670, 0.026
1H2106-099,g,58741.528800, 4.691, 0.026
1H2106-099,g,58741.530494, 4.701, 0.029
1H2106-099,g,58741.583335, 4.705, 0.030
1H2106-099,g,58741.585041, 4.690, 0.026
1H2106-099,g,58745.542832, 4.667, 0.022
1H2106-099,g,58745.544536, 4.666, 0.022
1H2106-099,g,58748.518263, 4.640, 0.027
1H2106-099,g,58748.519967, 4.644, 0.028
1H2106-099,g,58749.430938, 4.604, 0.024
1H2106-099,g,58749.432644, 4.604, 0.024
1H2106-099,g,58751.451324, 4.528, 0.025
1H2106-099,g,58751.453028, 4.518, 0.022
1H2106-099,g,58752.461452, 4.467, 0.021
1H2106-099,g,58752.463158, 4.457, 0.021
1H2106-099,g,58758.522610, 4.202, 0.021
1H2106-099,g,58758.524316, 4.182, 0.021
1H2106-099,g,58759.389966, 4.196, 0.021
1H2106-099,g,58759.391322, 4.221, 0.021
1H2106-099,g,58760.375836, 4.244, 0.021
1H2106-099,g,58760.377553, 4.252, 0.021
1H2106-099,g,58761.549581, 4.290, 0.021
1H2106-099,g,58761.551287, 4.294, 0.021
1H2106-099,g,58762.415018, 4.333, 0.023
1H2106-099,g,58762.416724, 4.361, 0.027
1H2106-099,g,58766.456076, 4.383, 0.024
1H2106-099,g,58766.457781, 4.408, 0.024
1H2106-099,g,58768.386127, 4.433, 0.024
1H2106-099,g,58768.387821, 4.440, 0.024
1H2106-099,g,58769.508608, 4.443, 0.025
1H2106-099,g,58770.481268, 4.468, 0.022
1H2106-099,g,58770.482973, 4.462, 0.022
1H2106-099,g,58771.409754, 4.462, 0.021
1H2106-099,g,58771.411459, 4.490, 0.021
1H2106-099,g,58773.434147, 4.534, 0.021
1H2106-099,g,58773.435848, 4.537, 0.021
1H2106-099,g,58776.427930, 4.635, 0.021
1H2106-099,g,58776.429631, 4.646, 0.022
1H2106-099,g,58777.454207, 4.669, 0.022
1H2106-099,g,58778.449929, 4.683, 0.023
1H2106-099,g,58778.451635, 4.681, 0.023
1H2106-099,g,58779.388867, 4.638, 0.021
1H2106-099,g,58779.390573, 4.671, 0.021
1H2106-099,g,58782.412756, 4.696, 0.021
1H2106-099,g,58782.414450, 4.684, 0.021
1H2106-099,g,58783.449928, 4.711, 0.021
1H2106-099,g,58783.451634, 4.711, 0.021
1H2106-099,g,58787.425314, 4.636, 0.023
1H2106-099,g,58787.427019, 4.589, 0.022
1H2106-099,g,58793.412496, 4.717, 0.022
1H2106-099,g,58793.413854, 4.708, 0.022
1H2106-099,g,58793.443499, 4.701, 0.022
1H2106-099,g,58793.444855, 4.727, 0.024
1H2106-099,g,58658.084815, 4.355, 0.017
1H2106-099,g,58658.086508, 4.351, 0.017
1H2106-099,g,58664.095491, 4.282, 0.016
1H2106-099,g,58664.097184, 4.290, 0.016
1H2106-099,g,58668.102705, 4.073, 0.016
1H2106-099,g,58668.104401, 4.087, 0.016
1H2106-099,g,58673.998872, 3.871, 0.016
1H2106-099,g,58674.000556, 3.861, 0.016
1H2106-099,g,58696.824387, 4.159, 0.016
1H2106-099,g,58696.826079, 4.171, 0.016
1H2106-099,g,58701.918511, 4.259, 0.016
1H2106-099,g,58701.920201, 4.258, 0.016
1H2106-099,g,58713.023906, 4.463, 0.024
1H2106-099,g,58713.025587, 4.467, 0.024
1H2106-099,g,58714.035449, 4.422, 0.018
1H2106-099,g,58714.037141, 4.420, 0.018
1H2106-099,g,58721.892885, 4.637, 0.016
1H2106-099,g,58721.894581, 4.643, 0.016
1H2106-099,g,58729.849071, 4.659, 0.016
1H2106-099,g,58729.850770, 4.648, 0.016
1H2106-099,g,58743.795008, 4.672, 0.016
1H2106-099,g,58743.796689, 4.661, 0.016
1H2106-099,g,58744.910612, 4.613, 0.024
1H2106-099,g,58744.912301, 4.600, 0.027
1H2106-099,g,58748.818835, 4.590, 0.016
1H2106-099,g,58748.820527, 4.582, 0.016
1H2106-099,g,58752.833204, 4.407, 0.021
1H2106-099,g,58752.834893, 4.430, 0.016
1H2106-099,g,58756.764928, 4.216, 0.016
1H2106-099,g,58756.766632, 4.230, 0.016
1H2106-099,g,58757.780250, 4.197, 0.016
1H2106-099,g,58757.781942, 4.217, 0.016
1H2106-099,g,58758.878276, 4.130, 0.208
1H2106-099,g,58760.751122, 4.299, 0.016
1H2106-099,g,58760.752816, 4.280, 0.016
1H2106-099,g,58766.794999, 4.502, 0.019
1H2106-099,g,58766.796703, 4.497, 0.018
1H2106-099,g,58769.752841, 4.490, 0.018
1H2106-099,g,58769.754183, 4.472, 0.018
1H2106-099,g,58774.751715, 4.575, 0.016
1H2106-099,g,58774.753412, 4.577, 0.016
1H2106-099,g,58775.760133, 4.625, 0.016
1H2106-099,g,58775.761825, 4.607, 0.016
1H2106-099,g,58777.771702, 4.692, 0.016
1H2106-099,g,58777.773394, 4.694, 0.016
1H2106-099,g,58778.823091, 4.589, 0.036
1H2106-099,g,58778.824783, 4.697, 0.023
1H2106-099,g,58787.820031, 4.758, 0.016
1H2106-099,g,58787.821723, 4.764, 0.016
1H2106-099,g,58726.254032, 4.639, 0.040
1H2106-099,g,58726.255720, 4.652, 0.040
1H2106-099,g,58727.066991, 4.638, 0.040
1H2106-099,g,58727.068683, 4.647, 0.040
1H2106-099,g,58727.200801, 4.645, 0.040
1H2106-099,g,58727.202493, 4.664, 0.040
1H2106-099,g,58728.229388, 4.646, 0.040
1H2106-099,g,58728.231075, 4.649, 0.040
1H2106-099,g,58730.154559, 4.643, 0.040
1H2106-099,g,58730.156255, 4.653, 0.040
1H2106-099,g,58732.229080, 4.515, 0.057
1H2106-099,g,58732.230787, 4.660, 0.043
1H2106-099,g,58744.151896, 4.670, 0.041
1H2106-099,g,58744.153592, 4.675, 0.041
1H2106-099,g,58746.027521, 4.695, 0.040
1H2106-099,g,58746.029202, 4.692, 0.040
1H2106-099,g,58746.160875, 4.679, 0.040
1H2106-099,g,58746.162579, 4.670, 0.040
1H2106-099,g,58753.104697, 4.399, 0.040
1H2106-099,g,58753.106404, 4.377, 0.040
1H2106-099,g,58755.098227, 4.315, 0.040
1H2106-099,g,58755.099921, 4.313, 0.040
1H2106-099,g,58756.018269, 4.277, 0.040
1H2106-099,g,58756.019956, 4.267, 0.040
1H2106-099,g,58758.107589, 4.209, 0.040
1H2106-099,g,58758.109283, 4.189, 0.040
1H2106-099,g,58763.019211, 4.371, 0.041
1H2106-099,g,58763.020549, 4.380, 0.041
1H2106-099,g,58766.013110, 4.455, 0.041
1H2106-099,g,58766.014814, 4.476, 0.041
1H2106-099,g,58766.109114, 4.431, 0.041
1H2106-099,g,58766.110806, 4.410, 0.041
1H2106-099,g,58767.136840, 4.813, 0.090
1H2106-099,g,58771.126993, 4.419, 0.071
1H2106-099,g,58771.128688, 4.044, 0.110
1H2106-099,g,58774.095566, 4.557, 0.041
1H2106-099,g,58774.096912, 4.563, 0.041
1H2106-099,g,58775.081827, 4.556, 0.040
1H2106-099,g,58775.083531, 4.562, 0.040
1H2106-099,g,58775.109844, 4.552, 0.040
1H2106-099,g,58775.111543, 4.557, 0.040
1H2106-099,g,58777.119918, 4.667, 0.041
1H2106-099,g,58777.121263, 4.638, 0.041
1H2106-099,g,58783.044602, 5.302, 0.126
1H2106-099,g,58783.046288, 5.386, 0.147
1H2106-099,g,58663.387622, 4.312, 0.039
1H2106-099,g,58663.389315, 4.332, 0.039
1H2106-099,g,58665.391071, 4.224, 0.039
1H2106-099,g,58665.392416, 4.239, 0.039
1H2106-099,g,58670.438680, 3.928, 0.040
1H2106-099,g,58670.440384, 3.987, 0.040
1H2106-099,g,58690.393490, 4.250, 0.039
1H2106-099,g,58690.395195, 4.236, 0.039
1H2106-099,g,58692.354449, 4.173, 0.039
1H2106-099,g,58692.356141, 4.201, 0.039
1H2106-099,g,58702.355895, 4.233, 0.041
1H2106-099,g,58702.357239, 4.372, 0.053
1H2106-099,g,58704.341252, 4.307, 0.039
1H2106-099,g,58704.342945, 4.314, 0.039
1H2106-099,g,58705.354231, 4.331, 0.039
1H2106-099,g,58705.355924, 4.334, 0.039
1H2106-099,g,58715.331766, 4.466, 0.040
1H2106-099,g,58715.333459, 4.455, 0.040
1H2106-099,g,58721.226424, 4.503, 0.044
1H2106-099,g,58721.228117, 4.774, 0.040
1H2106-099,g,58722.232849, 4.654, 0.039
1H2106-099,g,58722.234542, 4.642, 0.039
1H2106-099,g,58724.228147, 4.713, 0.043
1H2106-099,g,58724.229840, 4.618, 0.046
1H2106-099,g,58730.263943, 4.661, 0.039
1H2106-099,g,58730.265636, 4.661, 0.039
1H2106-099,g,58731.257451, 4.575, 0.049
1H2106-099,g,58733.277122, 4.658, 0.039
1H2106-099,g,58733.278818, 4.637, 0.039
1H2106-099,g,58755.183128, 4.279, 0.039
1H2106-099,g,58755.184832, 4.284, 0.039
1H2106-099,g,58685.365628, 4.276, 0.026
1H2106-099,g,58685.367321, 4.250, 0.026
1H2106-099,g,58689.327835, 4.243, 0.027
1H2106-099,g,58689.329539, 4.322, 0.027
1H2106-099,g,58689.382971, 4.236, 0.025
1H2106-099,g,58689.384675, 4.258, 0.025
1H2106-099,g,58693.388658, 4.150, 0.025
1H2106-099,g,58693.390351, 4.140, 0.025
1H2106-099,g,58694.263612, 4.119, 0.025
1H2106-099,g,58694.265307, 4.112, 0.025
1H2106-099,g,58694.382897, 4.134, 0.025
1H2106-099,g,58694.384592, 4.105, 0.025
1H2106-099,g,58697.379469, 4.193, 0.025
1H2106-099,g,58697.381167, 4.192, 0.025
1H2106-099,g,58698.375633, 4.274, 0.025
1H2106-099,g,58698.377337, 4.282, 0.025
1H2106-099,g,58701.216349, 4.261, 0.025
1H2106-099,g,58701.218045, 4.256, 0.025
1H2106-099,g,58719.308123, 4.511, 0.058
1H2106-099,g,58719.309456, 4.327, 0.067
1H2106-099,g,58720.170643, 4.589, 0.025
1H2106-099,g,58720.172338, 4.581, 0.025
1H2106-099,g,58720.212765, 4.606, 0.025
1H2106-099,g,58720.214494, 4.598, 0.025
1H2106-099,g,58722.291183, 4.631, 0.025
1H2106-099,g,58722.292875, 4.638, 0.025
1H2106-099,g,58776.140177, 4.624, 0.025
1H2106-099,g,58776.141881, 4.607, 0.025
1H2106-099,g,58784.095006, 5.086, 0.044
1H2106-099,g,58784.136262, 5.109, 0.049
1H2106-099,g,58784.137956, 4.899, 0.025
1H2106-099,g,58788.134615, 4.759, 0.025
1H2106-099,g,58788.135960, 4.780, 0.025
1H2106-099,g,58657.321346, 4.346, 0.017
1H2106-099,g,58657.323040, 4.335, 0.020
1H2106-099,g,58657.382790, 4.340, 0.018
1H2106-099,g,58657.384145, 4.359, 0.016
1H2106-099,g,58659.332022, 4.390, 0.017
1H2106-099,g,58659.333380, 4.389, 0.016
1H2106-099,g,58659.335074, 4.398, 0.016
1H2106-099,g,58659.424589, 4.381, 0.016
1H2106-099,g,58659.426277, 4.385, 0.016
1H2106-099,g,58660.299574, 4.386, 0.016
1H2106-099,g,58660.301255, 4.391, 0.016
1H2106-099,g,58662.172473, 4.305, 0.020
1H2106-099,g,58662.174166, 4.306, 0.020
1H2106-099,g,58665.370955, 4.235, 0.015
1H2106-099,g,58665.372656, 4.229, 0.015
1H2106-099,g,58666.254620, 4.166, 0.016
1H2106-099,g,58666.256308, 4.156, 0.019
1H2106-099,g,58667.400427, 4.129, 0.015
1H2106-099,g,58667.402113, 4.120, 0.015
1H2106-099,g,58671.264959, 3.986, 0.064
1H2106-099,g,58671.266640, 3.820, 0.088
1H2106-099,g,58672.337732, 3.927, 0.052
1H2106-099,g,58672.339416, 3.844, 0.023
1H2106-099,g,58675.174578, 3.869, 0.016
1H2106-099,g,58675.176262, 3.874, 0.016
1H2106-099,g,58675.211183, 3.887, 0.016
1H2106-099,g,58675.212874, 3.889, 0.016
1H2106-099,g,58676.134485, 3.882, 0.016
1H2106-099,g,58676.136173, 3.895, 0.016
1H2106-099,g,58677.294972, 3.942, 0.016
1H2106-099,g,58677.296662, 3.922, 0.016
1H2106-099,g,58679.182248, 3.997, 0.023
1H2106-099,g,58679.183593, 3.986, 0.025
1H2106-099,g,58680.123564, 3.961, 0.037
1H2106-099,g,58680.125257, 3.943, 0.042
1H2106-099,g,58681.244753, 4.076, 0.020
1H2106-099,g,58681.246445, 4.072, 0.020
1H2106-099,g,58684.326010, 4.245, 0.017
1H2106-099,g,58684.327697, 4.225, 0.017
1H2106-099,g,58688.264842, 4.257, 0.016
1H2106-099,g,58688.266528, 4.268, 0.016
1H2106-099,g,58695.266500, 4.128, 0.015
1H2106-099,g,58695.268193, 4.131, 0.015
1H2106-099,g,58695.327950, 4.116, 0.018
1H2106-099,g,58695.329299, 4.120, 0.017
1H2106-099,g,58703.065779, 4.261, 0.022
1H2106-099,g,58703.067469, 4.272, 0.019
1H2106-099,g,58706.062994, 4.398, 0.037
1H2106-099,g,58706.064690, 4.371, 0.030
1H2106-099,g,58707.141903, 4.387, 0.017
1H2106-099,g,58707.143595, 4.401, 0.017
1H2106-099,g,58719.131438, 4.584, 0.016
1H2106-099,g,58719.133132, 4.603, 0.016
1H2106-099,g,58727.159498, 4.657, 0.016
1H2106-099,g,58727.160751, 4.650, 0.017
1H2106-099,g,58727.162037, 4.662, 0.016
1H2106-099,g,58727.163729, 4.637, 0.020
1H2106-099,g,58727.214094, 4.650, 0.017
1H2106-099,g,58727.215450, 4.640, 0.019
1H2106-099,g,58729.188007, 4.658, 0.016
1H2106-099,g,58729.189694, 4.655, 0.016
1H2106-099,g,58731.227979, 4.760, 0.019
1H2106-099,g,58731.229666, 4.711, 0.017
1H2106-099,g,58733.975330, 4.633, 0.018
1H2106-099,g,58733.977026, 4.613, 0.021
1H2106-099,g,58734.000755, 4.598, 0.025
1H2106-099,g,58734.002446, 4.609, 0.022
1H2106-099,g,58734.111026, 4.643, 0.016
1H2106-099,g,58734.112721, 4.639, 0.016
1H2106-099,g,58740.127672, 4.664, 0.018
1H2106-099,g,58740.129376, 4.642, 0.018
1H2106-099,g,58740.212864, 4.583, 0.054
1H2106-099,g,58740.213958, 4.586, 0.029
1H2106-099,g,58740.215656, 4.613, 0.023
1H2106-099,g,58741.987800, 4.651, 0.023
1H2106-099,g,58741.989492, 4.665, 0.019
1H2106-099,g,58743.104036, 4.675, 0.017
1H2106-099,g,58743.105726, 4.686, 0.016
1H2106-099,g,58744.166474, 4.655, 0.021
1H2106-099,g,58744.167831, 4.668, 0.018
1H2106-099,g,58745.110451, 4.683, 0.016
1H2106-099,g,58745.112139, 4.684, 0.016
1H2106-099,g,58747.084236, 4.643, 0.016
1H2106-099,g,58747.085944, 4.639, 0.016
1H2106-099,g,58747.184231, 4.614, 0.022
1H2106-099,g,58747.185925, 4.623, 0.019
1H2106-099,g,58751.032338, 4.513, 0.019
1H2106-099,g,58751.033688, 4.515, 0.018
1H2106-099,g,58751.175523, 4.513, 0.017
1H2106-099,g,58751.177218, 4.502, 0.020
1H2106-099,g,58752.122550, 4.471, 0.018
1H2106-099,g,58752.124241, 4.467, 0.019
1H2106-099,g,58755.098242, 4.289, 0.018
1H2106-099,g,58755.099589, 4.290, 0.018
1H2106-099,g,58756.165485, 4.257, 0.015
1H2106-099,g,58756.167177, 4.250, 0.015
1H2106-099,g,58757.026852, 4.185, 0.023
1H2106-099,g,58757.028547, 4.192, 0.021
1H2106-099,g,58762.020826, 4.316, 0.016
1H2106-099,g,58762.022519, 4.318, 0.016
1H2106-099,g,58762.082186, 4.340, 0.016
1H2106-099,g,58762.083873, 4.347, 0.016
1H2106-099,g,58772.122619, 4.474, 0.027
1H2106-099,g,58772.124312, 4.602, 0.020
1H2106-099,g,58772.998535, 4.526, 0.020
1H2106-099,g,58773.000229, 4.534, 0.018
1H2106-099,g,58774.012717, 4.557, 0.017
1H2106-099,g,58774.014398, 4.559, 0.017
1H2106-099,g,58774.082174, 4.586, 0.016
1H2106-099,g,58774.083867, 4.554, 0.018
1H2106-099,g,58774.127627, 4.546, 0.021
1H2106-099,g,58774.128971, 4.543, 0.021
1H2106-099,g,58776.005665, 4.672, 0.016
1H2106-099,g,58776.007354, 4.641, 0.016
1H2106-099,g,58777.011459, 4.655, 0.017
1H2106-099,g,58777.013151, 4.665, 0.016
1H2106-099,g,58662.364404, 4.321, 0.020
1H2106-099,g,58662.366305, 4.335, 0.024
1H2106-099,g,58662.377258, 4.326, 0.022
1H2106-099,g,58662.378951, 4.316, 0.019
1H2106-099,g,58664.377877, 4.305, 0.029
1H2106-099,g,58664.379563, 4.303, 0.028
1H2106-099,g,58668.351700, 4.067, 0.016
1H2106-099,g,58668.353397, 4.067, 0.016
1H2106-099,g,58669.361327, 4.041, 0.017
1H2106-099,g,58669.363019, 4.056, 0.021
1H2106-099,g,58671.217006, 3.908, 0.020
1H2106-099,g,58671.218351, 3.944, 0.020
1H2106-099,g,58673.346571, 3.856, 0.045
1H2106-099,g,58673.348266, 3.863, 0.026
1H2106-099,g,58676.328961, 3.920, 0.022
1H2106-099,g,58676.330653, 3.918, 0.022
1H2106-099,g,58684.231332, 4.190, 0.018
1H2106-099,g,58684.232670, 4.150, 0.018
1H2106-099,g,58699.294887, 4.254, 0.017
1H2106-099,g,58699.296576, 4.264, 0.019
1H2106-099,g,58700.224715, 4.276, 0.020
1H2106-099,g,58700.226408, 4.286, 0.022
1H2106-099,g,58704.271065, 4.301, 0.016
1H2106-099,g,58704.272758, 4.311, 0.016
1H2106-099,g,58705.110144, 4.377, 0.028
1H2106-099,g,58705.111840, 4.344, 0.019
1H2106-099,g,58705.131747, 4.353, 0.022
1H2106-099,g,58705.133439, 4.373, 0.026
1H2106-099,g,58712.060729, 4.430, 0.020
1H2106-099,g,58712.062416, 4.408, 0.020
1H2106-099,g,58712.093399, 4.446, 0.023
1H2106-099,g,58712.094756, 4.415, 0.020
1H2106-099,g,58716.223128, 4.489, 0.022
1H2106-099,g,58716.224820, 4.496, 0.024
1H2106-099,g,58721.270998, 4.631, 0.025
1H2106-099,g,58721.272690, 4.610, 0.020
1H2106-099,g,58723.245994, 4.662, 0.024
1H2106-099,g,58723.247686, 4.663, 0.024
1H2106-099,g,58725.001020, 4.644, 0.020
1H2106-099,g,58725.002713, 4.647, 0.021
1H2106-099,g,58725.188388, 4.670, 0.027
1H2106-099,g,58725.190081, 4.663, 0.026
1H2106-099,g,58726.056681, 4.605, 0.016
1H2106-099,g,58726.058371, 4.614, 0.016
1H2106-099,g,58727.098292, 4.659, 0.026
1H2106-099,g,58727.099984, 4.650, 0.024
1H2106-099,g,58729.207023, 4.652, 0.023
1H2106-099,g,58729.208715, 4.615, 0.016
1H2106-099,g,58739.103816, 4.592, 0.032
1H2106-099,g,58739.105504, 4.617, 0.032
1H2106-099,g,58739.166999, 4.625, 0.030
1H2106-099,g,58739.168689, 4.662, 0.036
1H2106-099,g,58740.216504, 4.624, 0.026
1H2106-099,g,58740.217852, 4.615, 0.026
1H2106-099,g,58741.098226, 4.693, 0.031
1H2106-099,g,58741.099914, 4.681, 0.028
1H2106-099,g,58744.197842, 4.676, 0.025
1H2106-099,g,58744.199221, 4.685, 0.027
1H2106-099,g,58748.103723, 4.629, 0.025
1H2106-099,g,58748.105405, 4.639, 0.028
1H2106-099,g,58748.199139, 4.639, 0.028
1H2106-099,g,58748.200488, 4.615, 0.022
1H2106-099,g,58749.008281, 4.464, 0.035
1H2106-099,g,58749.009971, 4.381, 0.043
1H2106-099,g,58750.174557, 4.554, 0.021
1H2106-099,g,58750.176245, 4.566, 0.024
1H2106-099,g,58754.023998, 4.379, 0.019
1H2106-099,g,58754.025686, 4.376, 0.019
1H2106-099,g,58759.153514, 4.298, 0.037
1H2106-099,g,58759.155205, 4.157, 0.027
1H2106-099,g,58761.117245, 4.260, 0.016
1H2106-099,g,58761.118931, 4.263, 0.016
1H2106-099,g,58766.127695, 4.431, 0.022
1H2106-099,g,58766.129040, 4.451, 0.022
1H2106-099,g,58770.122597, 4.223, 0.056
1H2106-099,g,58778.047447, 4.653, 0.019
1H2106-099,g,58778.049138, 4.668, 0.023
1H2106-099,g,58780.110833, 4.661, 0.019
1H2106-099,g,58780.112515, 4.660, 0.020
1H2106-099,g,58781.064889, 4.689, 0.023
1H2106-099,g,58781.066229, 4.696, 0.024
1H2106-099,g,58781.091213, 4.682, 0.021
1H2106-099,g,58781.092907, 4.698, 0.025
1H2106-099,g,58653.612249, 4.225, 0.022
1H2106-099,g,58653.613954, 4.220, 0.022
1H2106-099,g,58660.738291, 4.372, 0.019
1H2106-099,g,58660.739996, 4.362, 0.019
1H2106-099,g,58661.731062, 4.313, 0.020
1H2106-099,g,58661.732408, 4.336, 0.020
1H2106-099,g,58662.785340, 4.324, 0.019
1H2106-099,g,58662.787043, 4.311, 0.019
1H2106-099,g,58673.693586, 3.879, 0.019
1H2106-099,g,58673.695290, 3.868, 0.019
1H2106-099,g,58675.540416, 3.864, 0.020
1H2106-099,g,58675.542121, 3.857, 0.020
1H2106-099,g,58679.516833, 4.215, 0.049
1H2106-099,g,58679.518538, 4.432, 0.104
1H2106-099,g,58679.545558, 4.132, 0.038
1H2106-099,g,58679.547262, 4.307, 0.072
1H2106-099,g,58679.575756, 4.442, 0.106
1H2106-099,g,58679.577461, 4.450, 0.108
1H2106-099,g,58684.705585, 4.229, 0.021
1H2106-099,g,58684.707291, 4.247, 0.021
1H2106-099,g,58688.518481, 4.250, 0.019
1H2106-099,g,58688.520186, 4.246, 0.019
1H2106-099,g,58691.482111, 4.188, 0.020
1H2106-099,g,58691.483804, 4.197, 0.020
1H2106-099,g,58691.503848, 4.204, 0.019
1H2106-099,g,58691.505554, 4.202, 0.020
1H2106-099,g,58691.653792, 4.232, 0.019
1H2106-099,g,58691.655497, 4.228, 0.019
1H2106-099,g,58697.691175, 4.231, 0.019
1H2106-099,g,58697.692882, 4.220, 0.019
1H2106-099,g,58698.695044, 4.279, 0.019
1H2106-099,g,58698.696748, 4.269, 0.019
1H2106-099,g,58699.660634, 4.282, 0.019
1H2106-099,g,58699.662326, 4.286, 0.019
1H2106-099,g,58700.560107, 4.296, 0.019
1H2106-099,g,58700.561825, 4.297, 0.019
1H2106-099,g,58700.697465, 4.292, 0.019
1H2106-099,g,58700.699157, 4.295, 0.019
1H2106-099,i,58676.886034, 9.023, 0.060
1H2106-099,i,58676.887738, 9.016, 0.060
1H2106-099,i,58677.073631, 9.043, 0.059
1H2106-099,i,58677.075323, 9.043, 0.059
1H2106-099,i,58678.107757, 9.072, 0.060
1H2106-099,i,58678.109449, 9.110, 0.060
1H2106-099,i,58679.878004, 9.133, 0.071
1H2106-099,i,58679.879708, 9.029, 0.071
1H2106-099,i,58689.996128, 9.608, 0.059
1H2106-099,i,58689.997821, 9.626, 0.059
1H2106-099,i,58698.070619, 9.431, 0.060
1H2106-099,i,58698.072311, 9.407, 0.060
1H2106-099,i,58699.075092, 9.524, 0.059
1H2106-099,i,58699.076784, 9.529, 0.059
1H2106-099,i,58705.807114, 9.565, 0.061
1H2106-099,i,58705.808818, 9.585, 0.061
1H2106-099,i,58712.822886, 9.918, 0.064
1H2106-099,i,58712.824578, 9.849, 0.064
1H2106-099,i,58715.867567,10.887, 0.233
1H2106-099,i,58717.940674,10.031, 0.060
1H2106-099,i,58717.942378,10.040, 0.060
1H2106-099,i,58718.775503,10.003, 0.060
1H2106-099,i,58718.777189,10.057, 0.060
1H2106-099,i,58719.803152,10.058, 0.060
1H2106-099,i,58719.804850,10.056, 0.060
1H2106-099,i,58720.766186,10.064, 0.060
1H2106-099,i,58720.767875,10.051, 0.060
1H2106-099,i,58722.016761, 9.970, 0.060
1H2106-099,i,58722.018458, 9.975, 0.060
1H2106-099,i,58726.775564,10.113, 0.060
1H2106-099,i,58726.777268,10.129, 0.060
1H2106-099,i,58727.775545,10.158, 0.060
1H2106-099,i,58727.777250,10.140, 0.060
1H2106-099,i,58731.815597,10.126, 0.063
1H2106-099,i,58731.816594,10.093, 0.062
1H2106-099,i,58732.767884,10.148, 0.060
1H2106-099,i,58732.769576,10.122, 0.060
1H2106-099,i,58732.808440,10.123, 0.062
1H2106-099,i,58732.809449,10.111, 0.062
1H2106-099,i,58734.728340,10.093, 0.065
1H2106-099,i,58734.730033,10.189, 0.065
1H2106-099,i,58734.755719,10.087, 0.064
1H2106-099,i,58734.757411,10.114, 0.064
1H2106-099,i,58751.833267,10.191, 0.059
1H2106-099,i,58751.834958,10.221, 0.059
1H2106-099,i,58753.736865,10.112, 0.059
1H2106-099,i,58753.738569,10.109, 0.059
1H2106-099,i,58762.840168, 9.754, 0.062
1H2106-099,i,58762.841868, 9.717, 0.061
1H2106-099,i,58767.802032, 9.992, 0.061
1H2106-099,i,58767.803725, 9.938, 0.061
1H2106-099,i,58768.747774, 9.914, 0.060
1H2106-099,i,58768.749474, 9.928, 0.060
1H2106-099,i,58769.745239,10.014, 0.060
1H2106-099,i,58769.746931, 9.955, 0.060
1H2106-099,i,58770.745944, 9.983, 0.060
1H2106-099,i,58770.747645,10.015, 0.059
1H2106-099,i,58771.766369,10.055, 0.060
1H2106-099,i,58771.768064,10.012, 0.060
1H2106-099,i,58772.807276,10.034, 0.059
1H2106-099,i,58772.808972,10.006, 0.059
1H2106-099,i,58781.812515,10.298, 0.059
1H2106-099,i,58781.814219,10.243, 0.059
1H2106-099,i,58796.812712,10.319, 0.064
1H2106-099,i,58796.813714,10.350, 0.063
1H2106-099,i,58800.796661,10.339, 0.062
1H2106-099,i,58800.797670,10.357, 0.062
1H2106-099,i,58675.907011, 9.011, 0.039
1H2106-099,i,58675.908013, 9.046, 0.039
1H2106-099,i,58677.883583, 9.052, 0.039
1H2106-099,i,58677.885273, 9.056, 0.039
1H2106-099,i,58678.880734, 9.030, 0.043
1H2106-099,i,58678.882424, 9.030, 0.043
1H2106-099,i,58679.119638, 9.122, 0.036
1H2106-099,i,58679.121328, 9.126, 0.036
1H2106-099,i,58681.021775, 8.980, 0.128
1H2106-099,i,58681.023467, 9.177, 0.156
1H2106-099,i,58684.964077, 9.414, 0.036
1H2106-099,i,58684.965769, 9.433, 0.036
1H2106-099,i,58690.890964, 9.654, 0.034
1H2106-099,i,58690.892657, 9.638, 0.034
1H2106-099,i,58692.051240, 9.538, 0.036
1H2106-099,i,58692.052935, 9.582, 0.036
1H2106-099,i,58692.945390, 9.531, 0.035
1H2106-099,i,58692.947083, 9.520, 0.035
1H2106-099,i,58693.090628, 9.502, 0.035
1H2106-099,i,58693.092494, 9.482, 0.035
1H2106-099,i,58698.887986, 9.517, 0.037
1H2106-099,i,58698.888990, 9.494, 0.037
1H2106-099,i,58704.822604, 9.666, 0.040
1H2106-099,i,58704.823612, 9.687, 0.040
1H2106-099,i,58707.941874, 9.813, 0.045
1H2106-099,i,58707.942883, 9.772, 0.045
1H2106-099,i,58707.971432, 9.806, 0.038
1H2106-099,i,58707.973124, 9.838, 0.038
1H2106-099,i,58711.798546, 9.699, 0.051
1H2106-099,i,58711.800240, 9.745, 0.050
1H2106-099,i,58713.801990, 9.778, 0.037
1H2106-099,i,58713.803683, 9.813, 0.037
1H2106-099,i,58715.005832, 9.861, 0.035
1H2106-099,i,58715.007522, 9.863, 0.035
1H2106-099,i,58715.880922, 9.923, 0.039
1H2106-099,i,58715.881923, 9.876, 0.039
1H2106-099,i,58717.018381, 9.921, 0.035
1H2106-099,i,58717.020074, 9.935, 0.035
1H2106-099,i,58723.955951,10.133, 0.035
1H2106-099,i,58723.957643,10.121, 0.035
1H2106-099,i,58749.857997,10.296, 0.034
1H2106-099,i,58749.859689,10.280, 0.034
1H2106-099,i,58752.897592,10.088, 0.034
1H2106-099,i,58752.899285,10.086, 0.034
1H2106-099,i,58759.878388, 9.659, 0.034
1H2106-099,i,58759.880084, 9.634, 0.034
1H2106-099,i,58768.852737, 9.978, 0.036
1H2106-099,i,58768.854418, 9.963, 0.036
1H2106-099,i,58660.692123, 9.736, 0.071
1H2106-099,i,58660.693827, 9.705, 0.071
1H2106-099,i,58664.775617, 9.771, 0.077
1H2106-099,i,58664.777321, 9.655, 0.071
1H2106-099,i,58665.692818, 9.147, 0.165
1H2106-099,i,58666.725120, 9.538, 0.071
1H2106-099,i,58666.726837, 9.490, 0.071
1H2106-099,i,58684.688608, 9.697, 0.073
1H2106-099,i,58684.690311, 9.725, 0.074
1H2106-099,i,58686.689885, 9.587, 0.071
1H2106-099,i,58686.691590, 9.593, 0.071
1H2106-099,i,58686.715098, 9.558, 0.071
1H2106-099,i,58686.716815, 9.586, 0.071
1H2106-099,i,58687.756532, 9.581, 0.073
1H2106-099,i,58687.757531, 9.610, 0.073
1H2106-099,i,58688.574248, 9.538, 0.071
1H2106-099,i,58688.575953, 9.517, 0.071
1H2106-099,i,58690.740936, 9.579, 0.071
1H2106-099,i,58690.742640, 9.555, 0.071
1H2106-099,i,58691.635020, 9.555, 0.072
1H2106-099,i,58691.636017, 9.539, 0.072
1H2106-099,i,58691.697442, 9.570, 0.071
1H2106-099,i,58691.699147, 9.571, 0.071
1H2106-099,i,58696.711993, 9.392, 0.071
1H2106-099,i,58696.713698, 9.408, 0.071
1H2106-099,i,58701.574653, 9.636, 0.071
1H2106-099,i,58701.576345, 9.601, 0.071
1H2106-099,i,58703.463063, 9.569, 0.071
1H2106-099,i,58703.464768, 9.556, 0.071
1H2106-099,i,58707.574578, 9.742, 0.072
1H2106-099,i,58707.576284, 9.734, 0.072
1H2106-099,i,58714.553258, 9.909, 0.071
1H2106-099,i,58714.554963, 9.896, 0.071
1H2106-099,i,58714.685953, 9.958, 0.072
1H2106-099,i,58714.687647, 9.825, 0.072
1H2106-099,i,58728.625562,10.187, 0.071
1H2106-099,i,58728.627267,10.134, 0.071
1H2106-099,i,58731.581207,10.244, 0.071
1H2106-099,i,58731.582912,10.167, 0.071
1H2106-099,i,58733.496957,10.140, 0.071
1H2106-099,i,58733.498662,10.156, 0.071
1H2106-099,i,58739.579765, 9.443, 0.162
1H2106-099,i,58739.581483, 9.456, 0.159
1H2106-099,i,58740.547255,10.167, 0.074
1H2106-099,i,58740.548959,10.153, 0.074
1H2106-099,i,58741.535944,10.274, 0.072
1H2106-099,i,58741.537648,10.296, 0.072
1H2106-099,i,58741.590483,10.332, 0.073
1H2106-099,i,58741.592189,10.316, 0.073
1H2106-099,i,58745.549974,10.303, 0.071
1H2106-099,i,58745.551679,10.264, 0.071
1H2106-099,i,58748.525396,10.371, 0.071
1H2106-099,i,58748.527090,10.371, 0.071
1H2106-099,i,58749.438074,10.205, 0.071
1H2106-099,i,58749.439780,10.213, 0.071
1H2106-099,i,58751.458477,10.131, 0.071
1H2106-099,i,58751.460180,10.146, 0.071
1H2106-099,i,58752.468599,10.141, 0.071
1H2106-099,i,58752.470303,10.121, 0.071
1H2106-099,i,58758.529781, 9.735, 0.071
1H2106-099,i,58758.531475, 9.700, 0.071
1H2106-099,i,58759.394858, 9.615, 0.073
1H2106-099,i,58759.395878, 9.678, 0.073
1H2106-099,i,58760.383027, 9.621, 0.071
1H2106-099,i,58760.384731, 9.632, 0.071
1H2106-099,i,58761.556730, 9.642, 0.072
1H2106-099,i,58761.558436, 9.598, 0.072
1H2106-099,i,58762.422177, 9.750, 0.072
1H2106-099,i,58762.423883, 9.733, 0.072
1H2106-099,i,58766.463242, 9.989, 0.076
1H2106-099,i,58766.464958, 9.994, 0.075
1H2106-099,i,58768.393298, 9.905, 0.073
1H2106-099,i,58768.395002, 9.872, 0.073
1H2106-099,i,58769.514045, 9.796, 0.076
1H2106-099,i,58769.515750, 9.860, 0.076
1H2106-099,i,58770.488415,10.012, 0.072
1H2106-099,i,58770.490132, 9.973, 0.072
1H2106-099,i,58771.416922, 9.927, 0.071
1H2106-099,i,58771.418626, 9.967, 0.071
1H2106-099,i,58773.441286,10.044, 0.071
1H2106-099,i,58773.442987,10.024, 0.071
1H2106-099,i,58776.435074,10.198, 0.071
1H2106-099,i,58776.436776,10.110, 0.071
1H2106-099,i,58777.459660,10.221, 0.071
1H2106-099,i,58777.461354,10.251, 0.071
1H2106-099,i,58778.457065,10.351, 0.071
1H2106-099,i,58778.458771,10.304, 0.071
1H2106-099,i,58779.396013,10.288, 0.072
1H2106-099,i,58779.397718,10.604, 0.090
1H2106-099,i,58782.419881,10.266, 0.072
1H2106-099,i,58782.421575,10.227, 0.072
1H2106-099,i,58783.457076,10.031, 0.071
1H2106-099,i,58783.458799,10.043, 0.071
1H2106-099,i,58787.432461,10.252, 0.073
1H2106-099,i,58787.434167,10.192, 0.073
1H2106-099,i,58793.417383,10.324, 0.075
1H2106-099,i,58793.418392,10.341, 0.075
1H2106-099,i,58793.448367,10.291, 0.076
1H2106-099,i,58793.449411,10.290, 0.076
1H2106-099,i,58658.091913, 9.769, 0.067
1H2106-099,i,58658.093604, 9.751, 0.067
1H2106-099,i,58664.102597, 9.836, 0.066
1H2106-099,i,58664.104286, 9.801, 0.066
1H2106-099,i,58668.109816, 9.536, 0.066
1H2106-099,i,58668.111510, 9.511, 0.066
1H2106-099,i,58674.005975, 9.032, 0.066
1H2106-099,i,58674.007672, 9.066, 0.066
1H2106-099,i,58696.831481, 9.442, 0.066
1H2106-099,i,58696.833173, 9.459, 0.066
1H2106-099,i,58701.925623, 9.597, 0.066
1H2106-099,i,58701.927311, 9.583, 0.066
1H2106-099,i,58713.031011, 9.750, 0.073
1H2106-099,i,58713.032704, 9.731, 0.074
1H2106-099,i,58714.042554, 9.780, 0.068
1H2106-099,i,58714.044248, 9.796, 0.069
1H2106-099,i,58721.899992,10.115, 0.066
1H2106-099,i,58721.901686,10.143, 0.066
1H2106-099,i,58729.856177,10.202, 0.066
1H2106-099,i,58729.857871,10.249, 0.066
1H2106-099,i,58743.802126,10.096, 0.066
1H2106-099,i,58743.803818,10.059, 0.066
1H2106-099,i,58748.825941,10.202, 0.066
1H2106-099,i,58748.827645,10.221, 0.066
1H2106-099,i,58752.840316,10.141, 0.066
1H2106-099,i,58752.842015,10.152, 0.066
1H2106-099,i,58756.772022, 9.827, 0.066
1H2106-099,i,58756.773714, 9.863, 0.066
1H2106-099,i,58757.787370, 9.759, 0.066
1H2106-099,i,58757.789061, 9.780, 0.066
1H2106-099,i,58760.758231, 9.730, 0.066
1H2106-099,i,58760.759924, 9.753, 0.066
1H2106-099,i,58766.802116, 9.810, 0.067
1H2106-099,i,58766.803808, 9.775, 0.067
1H2106-099,i,58769.757701, 9.936, 0.068
1H2106-099,i,58769.758708,10.013, 0.068
1H2106-099,i,58774.758821,10.054, 0.066
1H2106-099,i,58774.760515,10.049, 0.066
1H2106-099,i,58775.767238,10.233, 0.066
1H2106-099,i,58775.768930,10.229, 0.066
1H2106-099,i,58777.778800,10.283, 0.066
1H2106-099,i,58777.780498,10.214, 0.066
1H2106-099,i,58787.827157,10.409, 0.066
1H2106-099,i,58787.828854,10.390, 0.066
1H2106-099,i,58726.261142,10.262, 0.060
1H2106-099,i,58726.262842,10.245, 0.060
1H2106-099,i,58727.074085,10.206, 0.060
1H2106-099,i,58727.075789,10.217, 0.060
1H2106-099,i,58727.207896,10.187, 0.060
1H2106-099,i,58727.209600,10.191, 0.060
1H2106-099,i,58728.236504,10.259, 0.060
1H2106-099,i,58728.238205,10.251, 0.060
1H2106-099,i,58730.161671,10.267, 0.060
1H2106-099,i,58730.163367,10.304, 0.060
1H2106-099,i,58732.236326,10.007, 0.074
1H2106-099,i,58732.238023,10.068, 0.061
1H2106-099,i,58744.159005,10.221, 0.060
1H2106-099,i,58744.160691,10.219, 0.060
1H2106-099,i,58746.034638,10.296, 0.060
1H2106-099,i,58746.036330,10.327, 0.060
1H2106-099,i,58746.168015,10.281, 0.060
1H2106-099,i,58746.169707,10.323, 0.060
1H2106-099,i,58753.111849,10.056, 0.060
1H2106-099,i,58753.113547,10.035, 0.060
1H2106-099,i,58755.105382, 9.902, 0.060
1H2106-099,i,58755.107080, 9.918, 0.060
1H2106-099,i,58756.025392, 9.852, 0.060
1H2106-099,i,58756.027078, 9.838, 0.060
1H2106-099,i,58758.114708, 9.703, 0.060
1H2106-099,i,58758.116401, 9.705, 0.060
1H2106-099,i,58763.024039, 9.646, 0.063
1H2106-099,i,58763.025042, 9.638, 0.063
1H2106-099,i,58766.020239, 9.807, 0.062
1H2106-099,i,58766.021932, 9.766, 0.062
1H2106-099,i,58766.116231, 9.975, 0.062
1H2106-099,i,58766.117923, 9.946, 0.062
1H2106-099,i,58771.134171, 9.712, 0.088
1H2106-099,i,58771.135865, 9.862, 0.068
1H2106-099,i,58774.100418,10.154, 0.061
1H2106-099,i,58774.101419,10.160, 0.062
1H2106-099,i,58775.088955,10.170, 0.060
1H2106-099,i,58775.090650,10.205, 0.060
1H2106-099,i,58775.116963,10.168, 0.060
1H2106-099,i,58775.118667,10.196, 0.060
1H2106-099,i,58777.124764,10.198, 0.062
1H2106-099,i,58777.125761,10.198, 0.062
1H2106-099,i,58663.394739, 9.817, 0.076
1H2106-099,i,58663.396421, 9.816, 0.076
1H2106-099,i,58665.395917, 9.708, 0.078
1H2106-099,i,58665.396915, 9.624, 0.078
1H2106-099,i,58670.445798, 9.333, 0.077
1H2106-099,i,58670.447491, 9.337, 0.077
1H2106-099,i,58690.400622, 9.639, 0.076
1H2106-099,i,58690.402318, 9.680, 0.076
1H2106-099,i,58692.361566, 9.312, 0.081
1H2106-099,i,58692.363260, 9.411, 0.077
1H2106-099,i,58704.348370, 9.607, 0.076
1H2106-099,i,58704.350062, 9.614, 0.076
1H2106-099,i,58705.361349, 9.654, 0.077
1H2106-099,i,58705.363052, 9.635, 0.077
1H2106-099,i,58715.338895, 9.919, 0.077
1H2106-099,i,58715.340588, 9.898, 0.077
1H2106-099,i,58721.233549,10.101, 0.076
1H2106-099,i,58721.235253,10.079, 0.076
1H2106-099,i,58722.240013,10.102, 0.076
1H2106-099,i,58722.241709,10.119, 0.076
1H2106-099,i,58724.235258,10.436, 0.106
1H2106-099,i,58724.236961,10.229, 0.139
1H2106-099,i,58730.271073,10.168, 0.076
1H2106-099,i,58730.272766,10.203, 0.076
1H2106-099,i,58731.270192,10.165, 0.076
1H2106-099,i,58731.271901,10.209, 0.076
1H2106-099,i,58733.284237,10.173, 0.076
1H2106-099,i,58733.285931,10.210, 0.076
1H2106-099,i,58755.190257, 9.811, 0.076
1H2106-099,i,58755.191950, 9.837, 0.076
1H2106-099,i,58685.372769, 9.494, 0.055
1H2106-099,i,58685.374462, 9.425, 0.055
1H2106-099,i,58689.334952, 9.537, 0.057
1H2106-099,i,58689.336644, 9.567, 0.060
1H2106-099,i,58689.390100, 9.661, 0.055
1H2106-099,i,58689.391804, 9.679, 0.055
1H2106-099,i,58693.395788, 9.486, 0.054
1H2106-099,i,58693.397480, 9.470, 0.054
1H2106-099,i,58694.270731, 9.531, 0.054
1H2106-099,i,58694.272430, 9.541, 0.054
1H2106-099,i,58694.390018, 9.570, 0.054
1H2106-099,i,58694.391717, 9.497, 0.054
1H2106-099,i,58697.386615, 9.477, 0.054
1H2106-099,i,58697.388326, 9.488, 0.054
1H2106-099,i,58698.382785, 9.576, 0.055
1H2106-099,i,58698.384489, 9.872, 0.080
1H2106-099,i,58701.223511, 9.508, 0.054
1H2106-099,i,58701.225209, 9.560, 0.054
1H2106-099,i,58719.312969,10.553, 0.355
1H2106-099,i,58719.313977, 9.588, 0.134
1H2106-099,i,58720.177807, 9.921, 0.054
1H2106-099,i,58720.179508, 9.969, 0.054
1H2106-099,i,58720.219950,10.076, 0.054
1H2106-099,i,58720.221641,10.120, 0.054
1H2106-099,i,58722.298323,10.149, 0.054
1H2106-099,i,58722.300027,10.111, 0.054
1H2106-099,i,58776.147317,10.245, 0.054
1H2106-099,i,58788.139508,10.357, 0.056
1H2106-099,i,58788.140516,10.347, 0.056
1H2106-099,i,58657.328458, 9.686, 0.045
1H2106-099,i,58657.330150, 9.677, 0.045
1H2106-099,i,58657.387701, 9.684, 0.048
1H2106-099,i,58657.388702, 9.679, 0.048
1H2106-099,i,58659.340485, 9.751, 0.044
1H2106-099,i,58659.342169, 9.743, 0.044
1H2106-099,i,58659.431689, 9.774, 0.045
1H2106-099,i,58659.433383, 9.752, 0.045
1H2106-099,i,58660.306680, 9.839, 0.044
1H2106-099,i,58660.308372, 9.817, 0.044
1H2106-099,i,58662.179556, 9.767, 0.044
1H2106-099,i,58662.181237, 9.769, 0.044
1H2106-099,i,58665.378035, 9.750, 0.044
1H2106-099,i,58665.379727, 9.725, 0.044
1H2106-099,i,58666.261699, 9.657, 0.044
1H2106-099,i,58666.263386, 9.646, 0.044
1H2106-099,i,58667.407509, 9.523, 0.044
1H2106-099,i,58667.409194, 9.523, 0.044
1H2106-099,i,58671.272099, 9.109, 0.097
1H2106-099,i,58671.273827, 9.135, 0.061
1H2106-099,i,58675.181658, 9.017, 0.045
1H2106-099,i,58675.183349, 9.060, 0.045
1H2106-099,i,58675.218251, 8.998, 0.045
1H2106-099,i,58675.219947, 8.995, 0.045
1H2106-099,i,58676.141597, 9.002, 0.045
1H2106-099,i,58676.143297, 8.992, 0.045
1H2106-099,i,58677.302073, 8.989, 0.044
1H2106-099,i,58677.303768, 9.006, 0.044
1H2106-099,i,58679.187094, 9.070, 0.055
1H2106-099,i,58679.188090, 9.085, 0.055
1H2106-099,i,58680.130739, 9.103, 0.054
1H2106-099,i,58680.132432, 9.135, 0.054
1H2106-099,i,58681.251835, 9.358, 0.051
1H2106-099,i,58681.253516, 9.364, 0.051
1H2106-099,i,58684.333084, 9.548, 0.047
1H2106-099,i,58684.334777, 9.495, 0.047
1H2106-099,i,58688.271960, 9.609, 0.044
1H2106-099,i,58688.273652, 9.614, 0.044
1H2106-099,i,58695.273598, 9.489, 0.044
1H2106-099,i,58695.275288, 9.454, 0.044
1H2106-099,i,58695.332806, 9.474, 0.046
1H2106-099,i,58695.333813, 9.469, 0.046
1H2106-099,i,58703.072929, 9.533, 0.044
1H2106-099,i,58703.074619, 9.652, 0.044
1H2106-099,i,58706.070099, 9.739, 0.059
1H2106-099,i,58706.071786, 9.774, 0.057
1H2106-099,i,58707.149020, 9.718, 0.048
1H2106-099,i,58707.150712, 9.660, 0.048
1H2106-099,i,58719.138558, 9.961, 0.044
1H2106-099,i,58719.140245,10.025, 0.044
1H2106-099,i,58727.169142,10.193, 0.044
1H2106-099,i,58727.170835,10.195, 0.044
1H2106-099,i,58727.218976,10.196, 0.046
1H2106-099,i,58727.219961,10.197, 0.046
1H2106-099,i,58729.195118,10.235, 0.044
1H2106-099,i,58729.196819,10.239, 0.044
1H2106-099,i,58731.235151,10.223, 0.045
1H2106-099,i,58731.236844,10.201, 0.048
1H2106-099,i,58733.982438,10.047, 0.047
1H2106-099,i,58733.984132,10.071, 0.047
1H2106-099,i,58734.007891,10.096, 0.046
1H2106-099,i,58734.009588,10.175, 0.046
1H2106-099,i,58734.118135,10.182, 0.045
1H2106-099,i,58734.119829,10.172, 0.045
1H2106-099,i,58740.134850,10.223, 0.047
1H2106-099,i,58740.136545,10.228, 0.047
1H2106-099,i,58740.221057,10.076, 0.056
1H2106-099,i,58740.222753,10.097, 0.056
1H2106-099,i,58741.994906,10.199, 0.044
1H2106-099,i,58741.996598,10.193, 0.044
1H2106-099,i,58743.111164,10.133, 0.045
1H2106-099,i,58743.112867,10.218, 0.045
1H2106-099,i,58744.171343,10.315, 0.047
1H2106-099,i,58744.172352,10.300, 0.047
1H2106-099,i,58745.117562,10.316, 0.044
1H2106-099,i,58745.119259,10.307, 0.044
1H2106-099,i,58747.091363,10.258, 0.044
1H2106-099,i,58747.093056,10.276, 0.044
1H2106-099,i,58747.191347,10.233, 0.044
1H2106-099,i,58747.193038,10.242, 0.044
1H2106-099,i,58751.037208,10.085, 0.047
1H2106-099,i,58751.038199,10.125, 0.047
1H2106-099,i,58751.182630,10.208, 0.045
1H2106-099,i,58751.184324,10.170, 0.044
1H2106-099,i,58752.129666,10.120, 0.044
1H2106-099,i,58752.131357,10.144, 0.044
1H2106-099,i,58755.103091, 9.919, 0.046
1H2106-099,i,58755.104084, 9.866, 0.046
1H2106-099,i,58756.172579, 9.840, 0.044
1H2106-099,i,58756.174272, 9.836, 0.044
1H2106-099,i,58757.033947, 9.720, 0.044
1H2106-099,i,58757.035645, 9.722, 0.044
1H2106-099,i,58762.027949, 9.613, 0.045
1H2106-099,i,58762.029640, 9.647, 0.045
1H2106-099,i,58762.089288, 9.754, 0.044
1H2106-099,i,58762.090983, 9.729, 0.044
1H2106-099,i,58772.129721,10.028, 0.054
1H2106-099,i,58772.131421,10.046, 0.067
1H2106-099,i,58773.005662,10.078, 0.044
1H2106-099,i,58773.007356,10.063, 0.044
1H2106-099,i,58774.019823,10.105, 0.044
1H2106-099,i,58774.021515,10.080, 0.044
1H2106-099,i,58774.089292,10.165, 0.044
1H2106-099,i,58774.090984,10.146, 0.044
1H2106-099,i,58774.132485,10.089, 0.047
1H2106-099,i,58774.133493,10.055, 0.047
1H2106-099,i,58776.012827,10.255, 0.045
1H2106-099,i,58776.014521,10.222, 0.045
1H2106-099,i,58777.018566,10.193, 0.045
1H2106-099,i,58777.020257,10.253, 0.045
1H2106-099,i,58662.372123, 9.704, 0.045
1H2106-099,i,58662.373816, 9.691, 0.045
1H2106-099,i,58662.384353, 9.701, 0.045
1H2106-099,i,58662.386045, 9.703, 0.045
1H2106-099,i,58664.384954, 9.805, 0.045
1H2106-099,i,58664.386647, 9.789, 0.045
1H2106-099,i,58668.358800, 9.462, 0.045
1H2106-099,i,58668.360481, 9.463, 0.045
1H2106-099,i,58669.368445, 9.477, 0.045
1H2106-099,i,58669.370137, 9.461, 0.045
1H2106-099,i,58671.221887, 9.187, 0.062
1H2106-099,i,58671.222883, 9.203, 0.062
1H2106-099,i,58673.353662, 9.096, 0.048
1H2106-099,i,58673.355355, 9.074, 0.052
1H2106-099,i,58676.336089, 8.990, 0.046
1H2106-099,i,58676.337777, 8.965, 0.046
1H2106-099,i,58684.236182, 9.338, 0.051
1H2106-099,i,58684.237203, 9.375, 0.050
1H2106-099,i,58699.301999, 9.612, 0.045
1H2106-099,i,58699.303697, 9.585, 0.045
1H2106-099,i,58700.231799, 9.594, 0.045
1H2106-099,i,58700.233491, 9.573, 0.045
1H2106-099,i,58704.278205, 9.615, 0.045
1H2106-099,i,58704.279898, 9.563, 0.045
1H2106-099,i,58705.117279, 9.628, 0.045
1H2106-099,i,58705.118968, 9.651, 0.045
1H2106-099,i,58705.138853, 9.574, 0.045
1H2106-099,i,58705.140543, 9.587, 0.045
1H2106-099,i,58712.067835, 9.777, 0.050
1H2106-099,i,58712.069525, 9.717, 0.050
1H2106-099,i,58712.098273, 9.872, 0.052
1H2106-099,i,58712.099273, 9.840, 0.052
1H2106-099,i,58716.230234, 9.925, 0.045
1H2106-099,i,58716.231926, 9.892, 0.045
1H2106-099,i,58721.278109,10.109, 0.045
1H2106-099,i,58721.279790,10.062, 0.045
1H2106-099,i,58723.253100,10.143, 0.045
1H2106-099,i,58723.254792,10.132, 0.045
1H2106-099,i,58725.008103,10.157, 0.045
1H2106-099,i,58725.009795,10.198, 0.045
1H2106-099,i,58725.195472,10.187, 0.045
1H2106-099,i,58725.197187,10.197, 0.045
1H2106-099,i,58726.063780,10.133, 0.045
1H2106-099,i,58726.065474,10.137, 0.045
1H2106-099,i,58727.105398,10.134, 0.045
1H2106-099,i,58727.107102,10.102, 0.045
1H2106-099,i,58729.214112,10.213, 0.045
1H2106-099,i,58729.215803,10.228, 0.046
1H2106-099,i,58739.110913,10.133, 0.065
1H2106-099,i,58739.112607,10.188, 0.078
1H2106-099,i,58739.174106, 9.996, 0.120
1H2106-099,i,58739.175793, 9.720, 0.102
1H2106-099,i,58740.221377,10.082, 0.064
1H2106-099,i,58740.222375,10.124, 0.063
1H2106-099,i,58741.105329,10.215, 0.046
1H2106-099,i,58741.107017,10.250, 0.046
1H2106-099,i,58744.202768,10.279, 0.048
1H2106-099,i,58744.203777,10.395, 0.048
1H2106-099,i,58748.110821,10.282, 0.045
1H2106-099,i,58748.112516,10.277, 0.045
1H2106-099,i,58748.203985,10.348, 0.047
1H2106-099,i,58748.204984,10.268, 0.047
1H2106-099,i,58749.015366,10.290, 0.141
1H2106-099,i,58749.017058,10.448, 0.240
1H2106-099,i,58750.181688,10.183, 0.045
1H2106-099,i,58750.183376,10.208, 0.045
1H2106-099,i,58754.031086, 9.981, 0.045
1H2106-099,i,58754.032770,10.010, 0.045
1H2106-099,i,58759.160633, 9.182, 0.118
1H2106-099,i,58759.162315, 9.326, 0.083
1H2106-099,i,58761.124341, 9.651, 0.045
1H2106-099,i,58761.126026, 9.649, 0.045
1H2106-099,i,58766.132560, 9.829, 0.057
1H2106-099,i,58766.133568, 9.985, 0.054
1H2106-099,i,58778.054536,10.278, 0.046
1H2106-099,i,58778.056231,10.262, 0.046
1H2106-099,i,58780.117921,10.320, 0.050
1H2106-099,i,58780.119615,10.305, 0.048
1H2106-099,i,58781.069738,10.290, 0.047
1H2106-099,i,58781.070741,10.303, 0.047
1H2106-099,i,58781.098310,10.320, 0.045
1H2106-099,i,58781.100038,10.337, 0.045
1H2106-099,i,58653.619439, 9.575, 0.040
1H2106-099,i,58653.621143, 9.547, 0.040
1H2106-099,i,58660.745445, 9.749, 0.036
1H2106-099,i,58660.747150, 9.785, 0.036
1H2106-099,i,58661.735924, 9.743, 0.038
1H2106-099,i,58661.736934, 9.748, 0.038
1H2106-099,i,58662.792461, 9.788, 0.036
1H2106-099,i,58662.794166, 9.755, 0.036
1H2106-099,i,58673.700754, 9.047, 0.035
1H2106-099,i,58673.702459, 9.082, 0.035
1H2106-099,i,58675.547575, 8.963, 0.036
1H2106-099,i,58675.549269, 8.996, 0.036
1H2106-099,i,58679.523992, 9.907, 0.197
1H2106-099,i,58679.584620,10.255, 0.283
1H2106-099,i,58684.712741, 9.399, 0.039
1H2106-099,i,58684.714456, 9.435, 0.039
1H2106-099,i,58688.525628, 9.544, 0.036
1H2106-099,i,58688.527333, 9.578, 0.036
1H2106-099,i,58691.489264, 9.551, 0.036
1H2106-099,i,58691.490968, 9.622, 0.036
1H2106-099,i,58691.511006, 9.587, 0.038
1H2106-099,i,58691.512710, 9.588, 0.036
1H2106-099,i,58691.660972, 9.602, 0.035
1H2106-099,i,58691.662677, 9.581, 0.036
1H2106-099,i,58697.698335, 9.497, 0.035
1H2106-099,i,58697.700040, 9.529, 0.036
1H2106-099,i,58698.702208, 9.275, 0.051
1H2106-099,i,58698.703913, 9.299, 0.045
1H2106-099,i,58699.667774, 9.572, 0.035
1H2106-099,i,58699.669478, 9.529, 0.035
1H2106-099,i,58700.567275, 9.525, 0.035
1H2106-099,i,58700.568978, 9.589, 0.035
1H2106-099,i,58700.704618, 9.571, 0.035
1H2106-099,i,58700.706311, 9.611, 0.035
1H2106-099,r,58676.882463, 7.758, 0.045
1H2106-099,r,58676.884167, 7.721, 0.045
1H2106-099,r,58677.070084, 7.701, 0.045
1H2106-099,r,58677.071776, 7.741, 0.045
1H2106-099,r,58678.104198, 7.795, 0.045
1H2106-099,r,58678.105890, 7.824, 0.045
1H2106-099,r,58679.874434, 7.847, 0.056
1H2106-099,r,58679.876126, 7.810, 0.055
1H2106-099,r,58686.050693, 8.147, 0.046
1H2106-099,r,58686.060835, 8.209, 0.046
1H2106-099,r,58689.992581, 8.232, 0.045
1H2106-099,r,58689.994274, 8.227, 0.045
1H2106-099,r,58698.067049, 8.057, 0.045
1H2106-099,r,58698.068741, 8.084, 0.045
1H2106-099,r,58699.071532, 8.150, 0.045
1H2106-099,r,58699.073226, 8.185, 0.045
1H2106-099,r,58705.803543, 8.202, 0.046
1H2106-099,r,58705.805247, 8.231, 0.046
1H2106-099,r,58712.819330, 8.446, 0.049
1H2106-099,r,58712.821021, 8.444, 0.049
1H2106-099,r,58715.862304, 8.517, 0.045
1H2106-099,r,58715.864008, 8.488, 0.045
1H2106-099,r,58717.937127, 8.629, 0.045
1H2106-099,r,58717.938808, 8.619, 0.045
1H2106-099,r,58718.771933, 8.662, 0.045
1H2106-099,r,58718.773625, 8.643, 0.045
1H2106-099,r,58719.799586, 8.671, 0.045
1H2106-099,r,58719.801283, 8.662, 0.045
1H2106-099,r,58720.762634, 8.675, 0.045
1H2106-099,r,58720.764323, 8.684, 0.045
1H2106-099,r,58722.013198, 8.689, 0.045
1H2106-099,r,58722.014895, 8.650, 0.045
1H2106-099,r,58726.772017, 8.746, 0.045
1H2106-099,r,58726.773709, 8.734, 0.045
1H2106-099,r,58727.771973, 8.729, 0.045
1H2106-099,r,58727.773679, 8.739, 0.045
1H2106-099,r,58731.813441, 8.868, 0.047
1H2106-099,r,58731.814438, 8.827, 0.047
1H2106-099,r,58732.764315, 8.730, 0.045
1H2106-099,r,58732.766018, 8.724, 0.045
1H2106-099,r,58732.806286, 8.756, 0.046
1H2106-099,r,58732.807281, 8.729, 0.047
1H2106-099,r,58734.724782, 8.796, 0.049
1H2106-099,r,58734.726474, 8.737, 0.049
1H2106-099,r,58734.752149, 8.776, 0.048
1H2106-099,r,58734.753852, 8.775, 0.048
1H2106-099,r,58751.829702, 8.837, 0.044
1H2106-099,r,58751.831399, 8.822, 0.044
1H2106-099,r,58753.733295, 8.672, 0.044
1H2106-099,r,58753.734999, 8.678, 0.044
1H2106-099,r,58762.836591, 8.348, 0.047
1H2106-099,r,58762.838294, 8.330, 0.046
1H2106-099,r,58762.868547, 8.436, 0.468
1H2106-099,r,58767.798473, 8.539, 0.045
1H2106-099,r,58767.800166, 8.538, 0.045
1H2106-099,r,58768.744223, 8.543, 0.045
1H2106-099,r,58768.745914, 8.517, 0.045
1H2106-099,r,58769.741673, 8.567, 0.045
1H2106-099,r,58769.743373, 8.594, 0.045
1H2106-099,r,58770.742382, 8.508, 0.045
1H2106-099,r,58770.744083, 8.560, 0.045
1H2106-099,r,58771.762800, 8.569, 0.045
1H2106-099,r,58771.764504, 8.574, 0.045
1H2106-099,r,58772.803714, 8.609, 0.044
1H2106-099,r,58772.805411, 8.602, 0.044
1H2106-099,r,58781.808945, 8.876, 0.044
1H2106-099,r,58781.810649, 8.882, 0.044
1H2106-099,r,58796.810543, 8.904, 0.047
1H2106-099,r,58796.811547, 8.866, 0.047
1H2106-099,r,58800.794492, 8.885, 0.046
1H2106-099,r,58800.795490, 8.899, 0.046
1H2106-099,r,58675.904840, 7.686, 0.028
1H2106-099,r,58675.905843, 7.706, 0.028
1H2106-099,r,58677.880028, 7.716, 0.028
1H2106-099,r,58677.881727, 7.769, 0.028
1H2106-099,r,58678.877190, 7.753, 0.031
1H2106-099,r,58678.878875, 7.760, 0.031
1H2106-099,r,58679.116099, 7.844, 0.027
1H2106-099,r,58679.117785, 7.862, 0.027
1H2106-099,r,58681.018228, 7.858, 0.056
1H2106-099,r,58681.019920, 7.778, 0.080
1H2106-099,r,58684.960518, 8.103, 0.027
1H2106-099,r,58684.962211, 8.087, 0.027
1H2106-099,r,58690.887411, 8.205, 0.026
1H2106-099,r,58690.889105, 8.194, 0.026
1H2106-099,r,58692.047672, 8.179, 0.026
1H2106-099,r,58692.049394, 8.191, 0.026
1H2106-099,r,58692.941855, 8.150, 0.026
1H2106-099,r,58692.943536, 8.143, 0.026
1H2106-099,r,58693.087035, 8.165, 0.026
1H2106-099,r,58693.088762, 8.142, 0.026
1H2106-099,r,58698.885815, 8.134, 0.028
1H2106-099,r,58698.886819, 8.147, 0.028
1H2106-099,r,58704.820437, 8.294, 0.030
1H2106-099,r,58704.821433, 8.265, 0.030
1H2106-099,r,58707.939707, 8.416, 0.033
1H2106-099,r,58707.940715, 8.393, 0.033
1H2106-099,r,58707.967885, 8.367, 0.028
1H2106-099,r,58707.969576, 8.390, 0.028
1H2106-099,r,58711.795007, 8.419, 0.036
1H2106-099,r,58711.796692, 8.371, 0.036
1H2106-099,r,58713.798443, 8.431, 0.027
1H2106-099,r,58713.800124, 8.458, 0.027
1H2106-099,r,58715.002286, 8.454, 0.026
1H2106-099,r,58715.003976, 8.506, 0.027
1H2106-099,r,58715.878750, 8.512, 0.028
1H2106-099,r,58715.879758, 8.494, 0.028
1H2106-099,r,58717.014834, 8.554, 0.026
1H2106-099,r,58717.016527, 8.557, 0.026
1H2106-099,r,58723.952409, 8.735, 0.026
1H2106-099,r,58723.954090, 8.743, 0.026
1H2106-099,r,58749.854450, 8.790, 0.025
1H2106-099,r,58749.856142, 8.779, 0.025
1H2106-099,r,58752.894045, 8.628, 0.025
1H2106-099,r,58752.895726, 8.617, 0.025
1H2106-099,r,58759.874842, 8.296, 0.025
1H2106-099,r,58759.876532, 8.295, 0.025
1H2106-099,r,58768.849144, 8.581, 0.027
1H2106-099,r,58768.850860, 8.582, 0.027
1H2106-099,r,58660.688551, 8.385, 0.031
1H2106-099,r,58660.690255, 8.381, 0.031
1H2106-099,r,58664.772047, 8.253, 0.047
1H2106-099,r,58665.687551, 8.255, 0.157
1H2106-099,r,58665.689245, 8.089, 0.099
1H2106-099,r,58666.721546, 8.122, 0.031
1H2106-099,r,58666.723252, 8.111, 0.031
1H2106-099,r,58684.685046, 8.108, 0.033
1H2106-099,r,58684.686741, 8.122, 0.033
1H2106-099,r,58686.686288, 8.232, 0.032
1H2106-099,r,58686.688005, 8.241, 0.035
1H2106-099,r,58686.711478, 8.209, 0.031
1H2106-099,r,58686.713195, 8.243, 0.035
1H2106-099,r,58687.754339, 8.261, 0.034
1H2106-099,r,58687.755360, 8.182, 0.033
1H2106-099,r,58688.570662, 8.187, 0.031
1H2106-099,r,58688.572367, 8.172, 0.031
1H2106-099,r,58690.737376, 8.240, 0.032
1H2106-099,r,58690.739080, 8.217, 0.031
1H2106-099,r,58691.632828, 8.206, 0.033
1H2106-099,r,58691.633837, 8.214, 0.033
1H2106-099,r,58691.693868, 8.168, 0.031
1H2106-099,r,58691.695573, 8.157, 0.031
1H2106-099,r,58696.708435, 8.084, 0.031
1H2106-099,r,58696.710127, 8.069, 0.031
1H2106-099,r,58701.571071, 8.228, 0.031
1H2106-099,r,58701.572775, 8.235, 0.031
1H2106-099,r,58703.459489, 8.220, 0.031
1H2106-099,r,58703.461195, 8.248, 0.031
1H2106-099,r,58707.571016, 8.318, 0.032
1H2106-099,r,58707.572710, 8.365, 0.032
1H2106-099,r,58712.430090, 8.623, 0.068
1H2106-099,r,58712.431782, 8.737, 0.136
1H2106-099,r,58714.549695, 8.458, 0.031
1H2106-099,r,58714.551389, 8.442, 0.031
1H2106-099,r,58714.682298, 8.504, 0.032
1H2106-099,r,58714.684004, 8.439, 0.032
1H2106-099,r,58728.622000, 8.778, 0.031
1H2106-099,r,58728.623694, 8.774, 0.031
1H2106-099,r,58731.577625, 8.837, 0.033
1H2106-099,r,58731.579329, 8.804, 0.031
1H2106-099,r,58733.493375, 8.749, 0.031
1H2106-099,r,58733.495079, 8.739, 0.031
1H2106-099,r,58739.576181, 8.185, 0.116
1H2106-099,r,58739.577886, 8.282, 0.092
1H2106-099,r,58740.543673, 8.805, 0.034
1H2106-099,r,58740.545377, 8.779, 0.034
1H2106-099,r,58741.532374, 8.889, 0.043
1H2106-099,r,58741.534077, 8.910, 0.048
1H2106-099,r,58741.586909, 8.890, 0.043
1H2106-099,r,58741.588615, 8.882, 0.041
1H2106-099,r,58745.546402, 8.835, 0.031
1H2106-099,r,58745.548106, 8.883, 0.031
1H2106-099,r,58748.521834, 8.835, 0.031
1H2106-099,r,58748.523528, 8.866, 0.037
1H2106-099,r,58749.434512, 8.789, 0.031
1H2106-099,r,58749.436206, 8.777, 0.031
1H2106-099,r,58751.454906, 8.728, 0.031
1H2106-099,r,58751.456610, 8.709, 0.031
1H2106-099,r,58752.465038, 8.642, 0.031
1H2106-099,r,58752.466732, 8.617, 0.031
1H2106-099,r,58758.526196, 8.257, 0.031
1H2106-099,r,58758.527902, 8.292, 0.031
1H2106-099,r,58759.392667, 8.271, 0.033
1H2106-099,r,58759.393676, 8.271, 0.033
1H2106-099,r,58760.379433, 8.286, 0.031
1H2106-099,r,58760.381149, 8.312, 0.031
1H2106-099,r,58761.553156, 8.354, 0.032
1H2106-099,r,58761.554862, 8.378, 0.034
1H2106-099,r,58762.418604, 8.384, 0.033
1H2106-099,r,58762.420309, 8.384, 0.033
1H2106-099,r,58766.459659, 8.498, 0.036
1H2106-099,r,58766.461364, 8.526, 0.036
1H2106-099,r,58768.389701, 8.498, 0.034
1H2106-099,r,58768.391429, 8.533, 0.034
1H2106-099,r,58769.510487, 8.501, 0.036
1H2106-099,r,58769.512191, 8.511, 0.035
1H2106-099,r,58770.484844, 8.593, 0.033
1H2106-099,r,58770.486546, 8.583, 0.033
1H2106-099,r,58771.413328, 8.599, 0.031
1H2106-099,r,58771.415032, 8.556, 0.031
1H2106-099,r,58773.437716, 8.645, 0.031
1H2106-099,r,58773.439424, 8.657, 0.031
1H2106-099,r,58776.431494, 8.762, 0.031
1H2106-099,r,58776.433197, 8.770, 0.031
1H2106-099,r,58777.456086, 8.834, 0.031
1H2106-099,r,58777.457792, 8.822, 0.031
1H2106-099,r,58778.453503, 8.870, 0.031
1H2106-099,r,58778.455197, 8.899, 0.035
1H2106-099,r,58779.392440, 8.921, 0.035
1H2106-099,r,58779.394146, 8.892, 0.031
1H2106-099,r,58782.416319, 8.876, 0.032
1H2106-099,r,58782.418024, 8.815, 0.032
1H2106-099,r,58783.453502, 8.766, 0.031
1H2106-099,r,58783.455208, 8.772, 0.031
1H2106-099,r,58787.428887, 8.841, 0.033
1H2106-099,r,58787.430581, 8.896, 0.033
1H2106-099,r,58793.415202, 8.893, 0.036
1H2106-099,r,58793.416211, 8.902, 0.036
1H2106-099,r,58793.446200, 8.953, 0.036
1H2106-099,r,58793.447208, 8.894, 0.036
1H2106-099,r,58658.088368, 8.365, 0.058
1H2106-099,r,58658.090060, 8.351, 0.058
1H2106-099,r,58664.099043, 8.382, 0.058
1H2106-099,r,58664.100741, 8.344, 0.058
1H2106-099,r,58668.106264, 8.129, 0.058
1H2106-099,r,58668.107953, 8.127, 0.058
1H2106-099,r,58674.002428, 7.744, 0.058
1H2106-099,r,58674.004117, 7.693, 0.058
1H2106-099,r,58696.827934, 8.171, 0.058
1H2106-099,r,58696.829615, 8.156, 0.058
1H2106-099,r,58701.922069, 8.207, 0.058
1H2106-099,r,58701.923772, 8.200, 0.058
1H2106-099,r,58713.027442, 8.413, 0.063
1H2106-099,r,58713.029145, 8.421, 0.063
1H2106-099,r,58714.039007, 8.452, 0.059
1H2106-099,r,58714.040700, 8.421, 0.059
1H2106-099,r,58721.896440, 8.725, 0.058
1H2106-099,r,58721.898135, 8.705, 0.058
1H2106-099,r,58729.852628, 8.784, 0.058
1H2106-099,r,58729.854314, 8.799, 0.058
1H2106-099,r,58743.798555, 8.740, 0.058
1H2106-099,r,58743.800259, 8.713, 0.058
1H2106-099,r,58744.914163, 8.914, 0.061
1H2106-099,r,58744.915851, 8.997, 0.061
1H2106-099,r,58748.822393, 8.785, 0.058
1H2106-099,r,58748.824086, 8.781, 0.058
1H2106-099,r,58752.836758, 8.628, 0.058
1H2106-099,r,58752.838458, 8.639, 0.058
1H2106-099,r,58756.768487, 8.382, 0.058
1H2106-099,r,58756.770179, 8.400, 0.058
1H2106-099,r,58757.785503, 8.323, 0.058
1H2106-099,r,58760.754677, 8.353, 0.058
1H2106-099,r,58760.756372, 8.335, 0.058
1H2106-099,r,58766.798569, 8.450, 0.059
1H2106-099,r,58766.800261, 8.450, 0.058
1H2106-099,r,58769.755522, 8.518, 0.059
1H2106-099,r,58769.756523, 8.542, 0.059
1H2106-099,r,58774.755269, 8.639, 0.058
1H2106-099,r,58774.756964, 8.633, 0.058
1H2106-099,r,58775.763691, 8.757, 0.058
1H2106-099,r,58775.765384, 8.776, 0.058
1H2106-099,r,58777.775256, 8.830, 0.058
1H2106-099,r,58777.776948, 8.848, 0.058
1H2106-099,r,58778.826638, 8.748, 0.117
1H2106-099,r,58787.823588, 8.969, 0.058
1H2106-099,r,58787.825286, 9.099, 0.058
1H2106-099,r,58726.257580, 8.802, 0.045
1H2106-099,r,58726.259275, 8.827, 0.045
1H2106-099,r,58727.070538, 8.811, 0.045
1H2106-099,r,58727.072230, 8.804, 0.045
1H2106-099,r,58727.204359, 8.806, 0.045
1H2106-099,r,58727.206040, 8.788, 0.045
1H2106-099,r,58728.232943, 8.825, 0.045
1H2106-099,r,58728.234629, 8.815, 0.045
1H2106-099,r,58730.158111, 8.818, 0.045
1H2106-099,r,58730.159814, 8.828, 0.045
1H2106-099,r,58732.232718, 8.578, 0.069
1H2106-099,r,58732.234425, 8.741, 0.050
1H2106-099,r,58744.155446, 8.854, 0.045
1H2106-099,r,58744.157149, 8.848, 0.045
1H2106-099,r,58746.031079, 8.862, 0.045
1H2106-099,r,58746.032783, 8.881, 0.045
1H2106-099,r,58746.164433, 8.834, 0.045
1H2106-099,r,58746.166137, 8.879, 0.045
1H2106-099,r,58753.108269, 8.580, 0.045
1H2106-099,r,58753.109968, 8.563, 0.045
1H2106-099,r,58755.101790, 8.477, 0.045
1H2106-099,r,58755.103516, 8.460, 0.045
1H2106-099,r,58756.021821, 8.410, 0.045
1H2106-099,r,58756.023522, 8.411, 0.045
1H2106-099,r,58758.111146, 8.268, 0.045
1H2106-099,r,58758.112847, 8.284, 0.045
1H2106-099,r,58763.021881, 8.233, 0.046
1H2106-099,r,58763.022874, 8.244, 0.046
1H2106-099,r,58766.016680, 8.486, 0.046
1H2106-099,r,58766.018373, 8.454, 0.046
1H2106-099,r,58766.112661, 8.615, 0.047
1H2106-099,r,58766.114365, 8.583, 0.047
1H2106-099,r,58767.140424, 8.798, 0.155
1H2106-099,r,58771.130557, 8.871, 0.164
1H2106-099,r,58771.132302, 8.749, 0.089
1H2106-099,r,58774.098251, 8.715, 0.046
1H2106-099,r,58774.099255, 8.701, 0.046
1H2106-099,r,58775.085395, 8.728, 0.045
1H2106-099,r,58775.087093, 8.694, 0.045
1H2106-099,r,58775.113408, 8.727, 0.045
1H2106-099,r,58775.115099, 8.718, 0.045
1H2106-099,r,58777.122584, 8.849, 0.046
1H2106-099,r,58777.123592, 8.812, 0.046
1H2106-099,r,58663.391181, 8.426, 0.048
1H2106-099,r,58663.392873, 8.360, 0.048
1H2106-099,r,58665.393760, 8.259, 0.049
1H2106-099,r,58665.394758, 8.248, 0.049
1H2106-099,r,58670.442239, 7.902, 0.055
1H2106-099,r,58670.443943, 7.916, 0.051
1H2106-099,r,58690.397049, 8.216, 0.048
1H2106-099,r,58690.398753, 8.230, 0.048
1H2106-099,r,58692.358008, 8.167, 0.048
1H2106-099,r,58692.359711, 8.068, 0.066
1H2106-099,r,58702.358549, 8.517, 0.112
1H2106-099,r,58704.344811, 8.282, 0.048
1H2106-099,r,58704.346503, 8.298, 0.048
1H2106-099,r,58705.357790, 8.324, 0.048
1H2106-099,r,58705.359483, 8.320, 0.048
1H2106-099,r,58715.335325, 8.522, 0.049
1H2106-099,r,58715.337029, 8.523, 0.049
1H2106-099,r,58721.229983, 8.339, 0.123
1H2106-099,r,58721.231687, 8.690, 0.048
1H2106-099,r,58722.236407, 8.720, 0.048
1H2106-099,r,58724.231699, 8.722, 0.063
1H2106-099,r,58724.233391, 8.830, 0.058
1H2106-099,r,58730.267502, 8.780, 0.048
1H2106-099,r,58730.269218, 8.766, 0.050
1H2106-099,r,58731.266627, 8.789, 0.049
1H2106-099,r,58731.268326, 8.784, 0.049
1H2106-099,r,58733.280680, 8.784, 0.048
1H2106-099,r,58733.282376, 8.785, 0.048
1H2106-099,r,58755.186699, 8.402, 0.055
1H2106-099,r,58755.188391, 8.403, 0.055
1H2106-099,r,58685.369187, 8.162, 0.069
1H2106-099,r,58685.370902, 8.153, 0.069
1H2106-099,r,58689.331393, 8.133, 0.070
1H2106-099,r,58689.333097, 8.185, 0.070
1H2106-099,r,58689.386541, 8.258, 0.068
1H2106-099,r,58689.388234, 8.239, 0.068
1H2106-099,r,58693.392217, 8.059, 0.068
1H2106-099,r,58693.393922, 8.091, 0.068
1H2106-099,r,58694.267170, 8.117, 0.068
1H2106-099,r,58694.268865, 8.094, 0.068
1H2106-099,r,58694.386454, 8.079, 0.068
1H2106-099,r,58694.388149, 8.075, 0.068
1H2106-099,r,58697.383018, 8.098, 0.068
1H2106-099,r,58697.384722, 8.093, 0.068
1H2106-099,r,58698.379203, 8.253, 0.068
1H2106-099,r,58698.380907, 8.261, 0.069
1H2106-099,r,58701.219939, 8.187, 0.068
1H2106-099,r,58701.221636, 8.155, 0.068
1H2106-099,r,58719.310801, 9.073, 0.247
1H2106-099,r,58719.311798, 8.843, 0.134
1H2106-099,r,58720.174229, 8.608, 0.068
1H2106-099,r,58720.175937, 8.615, 0.068
1H2106-099,r,58720.216384, 8.660, 0.068
1H2106-099,r,58720.218075, 8.667, 0.068
1H2106-099,r,58722.294741, 8.705, 0.068
1H2106-099,r,58722.296434, 8.727, 0.068
1H2106-099,r,58776.143746, 8.803, 0.069
1H2106-099,r,58776.145440, 8.796, 0.069
1H2106-099,r,58784.139825, 9.669, 0.195
1H2106-099,r,58788.137328, 8.912, 0.069
1H2106-099,r,58788.138337, 8.913, 0.069
1H2106-099,r,58657.324917, 8.298, 0.033
1H2106-099,r,58657.326603, 8.332, 0.033
1H2106-099,r,58657.385498, 8.288, 0.036
1H2106-099,r,58657.386499, 8.302, 0.036
1H2106-099,r,58659.336937, 8.415, 0.033
1H2106-099,r,58659.338622, 8.394, 0.033
1H2106-099,r,58659.428136, 8.415, 0.033
1H2106-099,r,58659.429831, 8.385, 0.033
1H2106-099,r,58660.303121, 8.415, 0.033
1H2106-099,r,58660.304814, 8.410, 0.033
1H2106-099,r,58662.176009, 8.344, 0.033
1H2106-099,r,58662.177691, 8.366, 0.033
1H2106-099,r,58665.374503, 8.311, 0.032
1H2106-099,r,58665.376189, 8.289, 0.032
1H2106-099,r,58666.258164, 8.193, 0.032
1H2106-099,r,58666.259851, 8.193, 0.032
1H2106-099,r,58667.403966, 8.118, 0.033
1H2106-099,r,58667.405651, 8.162, 0.033
1H2106-099,r,58671.268495, 7.927, 0.122
1H2106-099,r,58671.270245, 7.834, 0.080
1H2106-099,r,58675.178119, 7.727, 0.033
1H2106-099,r,58675.179810, 7.721, 0.033
1H2106-099,r,58675.214719, 7.701, 0.033
1H2106-099,r,58675.216407, 7.703, 0.033
1H2106-099,r,58676.138045, 7.715, 0.033
1H2106-099,r,58676.139738, 7.730, 0.033
1H2106-099,r,58677.298521, 7.716, 0.033
1H2106-099,r,58677.300217, 7.725, 0.033
1H2106-099,r,58679.184914, 7.817, 0.040
1H2106-099,r,58679.185911, 7.794, 0.040
1H2106-099,r,58680.127135, 7.828, 0.039
1H2106-099,r,58680.128839, 7.783, 0.039
1H2106-099,r,58681.248288, 7.935, 0.038
1H2106-099,r,58681.249980, 7.927, 0.038
1H2106-099,r,58684.329552, 8.040, 0.035
1H2106-099,r,58684.331245, 8.053, 0.035
1H2106-099,r,58688.268391, 8.217, 0.033
1H2106-099,r,58688.270098, 8.238, 0.033
1H2106-099,r,58695.270046, 8.056, 0.032
1H2106-099,r,58695.271739, 8.061, 0.032
1H2106-099,r,58695.330641, 8.081, 0.034
1H2106-099,r,58695.331648, 8.087, 0.034
1H2106-099,r,58703.069333, 8.217, 0.033
1H2106-099,r,58703.071030, 8.195, 0.033
1H2106-099,r,58706.066552, 7.988, 0.069
1H2106-099,r,58706.068248, 8.234, 0.037
1H2106-099,r,58707.145461, 8.330, 0.035
1H2106-099,r,58707.147154, 8.313, 0.035
1H2106-099,r,58719.135013, 8.611, 0.033
1H2106-099,r,58719.136708, 8.648, 0.033
1H2106-099,r,58727.165584, 8.791, 0.033
1H2106-099,r,58727.167265, 8.759, 0.033
1H2106-099,r,58727.216785, 8.761, 0.034
1H2106-099,r,58727.217794, 8.799, 0.034
1H2106-099,r,58729.191563, 8.809, 0.033
1H2106-099,r,58729.193251, 8.791, 0.033
1H2106-099,r,58731.231530, 8.912, 0.034
1H2106-099,r,58731.233218, 8.928, 0.037
1H2106-099,r,58733.978888, 8.681, 0.035
1H2106-099,r,58733.980577, 8.714, 0.035
1H2106-099,r,58734.004316, 8.735, 0.034
1H2106-099,r,58734.006022, 8.707, 0.034
1H2106-099,r,58734.114585, 8.731, 0.033
1H2106-099,r,58734.116280, 8.771, 0.033
1H2106-099,r,58740.131262, 8.843, 0.036
1H2106-099,r,58740.132965, 8.855, 0.036
1H2106-099,r,58740.217513, 8.660, 0.041
1H2106-099,r,58740.219210, 8.676, 0.041
1H2106-099,r,58741.991347, 8.798, 0.033
1H2106-099,r,58741.993039, 8.819, 0.033
1H2106-099,r,58743.107598, 8.812, 0.033
1H2106-099,r,58743.109293, 8.820, 0.033
1H2106-099,r,58744.169176, 8.826, 0.035
1H2106-099,r,58744.170184, 8.852, 0.035
1H2106-099,r,58745.114016, 8.848, 0.033
1H2106-099,r,58745.115705, 8.858, 0.033
1H2106-099,r,58747.087801, 8.822, 0.033
1H2106-099,r,58747.089500, 8.850, 0.033
1H2106-099,r,58747.187791, 8.836, 0.033
1H2106-099,r,58747.189482, 8.842, 0.033
1H2106-099,r,58751.035035, 8.683, 0.035
1H2106-099,r,58751.036032, 8.664, 0.035
1H2106-099,r,58751.179072, 8.746, 0.033
1H2106-099,r,58751.180766, 8.708, 0.033
1H2106-099,r,58752.126105, 8.672, 0.033
1H2106-099,r,58752.127803, 8.679, 0.033
1H2106-099,r,58755.100931, 8.438, 0.034
1H2106-099,r,58755.101924, 8.441, 0.034
1H2106-099,r,58756.169032, 8.400, 0.033
1H2106-099,r,58756.170724, 8.411, 0.033
1H2106-099,r,58757.030401, 8.310, 0.033
1H2106-099,r,58757.032093, 8.290, 0.033
1H2106-099,r,58762.024382, 8.317, 0.033
1H2106-099,r,58762.026074, 8.310, 0.033
1H2106-099,r,58762.085748, 8.375, 0.033
1H2106-099,r,58762.087436, 8.388, 0.033
1H2106-099,r,58772.126173, 8.553, 0.051
1H2106-099,r,58772.127867, 8.820, 0.064
1H2106-099,r,58773.002097, 8.635, 0.033
1H2106-099,r,58773.003800, 8.660, 0.033
1H2106-099,r,58774.016264, 8.672, 0.033
1H2106-099,r,58774.017957, 8.682, 0.033
1H2106-099,r,58774.085733, 8.703, 0.033
1H2106-099,r,58774.087425, 8.717, 0.033
1H2106-099,r,58774.130317, 8.698, 0.035
1H2106-099,r,58774.131314, 8.713, 0.035
1H2106-099,r,58776.009255, 8.861, 0.033
1H2106-099,r,58776.010949, 8.861, 0.033
1H2106-099,r,58777.015018, 8.832, 0.033
1H2106-099,r,58777.016699, 8.826, 0.033
1H2106-099,r,58662.368322, 8.360, 0.036
1H2106-099,r,58662.369931, 8.348, 0.036
1H2106-099,r,58662.380806, 8.338, 0.036
1H2106-099,r,58662.382498, 8.339, 0.036
1H2106-099,r,58664.381422, 8.363, 0.036
1H2106-099,r,58664.383108, 8.321, 0.036
1H2106-099,r,58668.355246, 8.047, 0.036
1H2106-099,r,58668.356936, 8.023, 0.036
1H2106-099,r,58669.364887, 8.041, 0.036
1H2106-099,r,58669.366579, 8.038, 0.036
1H2106-099,r,58671.219707, 7.899, 0.048
1H2106-099,r,58671.220716, 7.833, 0.049
1H2106-099,r,58673.350122, 7.717, 0.048
1H2106-099,r,58673.351809, 7.789, 0.039
1H2106-099,r,58676.332531, 7.696, 0.036
1H2106-099,r,58676.334223, 7.690, 0.036
1H2106-099,r,58684.234009, 7.950, 0.040
1H2106-099,r,58684.235007, 7.956, 0.040
1H2106-099,r,58699.298443, 8.219, 0.036
1H2106-099,r,58699.300132, 8.233, 0.036
1H2106-099,r,58700.228251, 8.239, 0.036
1H2106-099,r,58700.229943, 8.248, 0.036
1H2106-099,r,58704.274647, 8.233, 0.036
1H2106-099,r,58704.276351, 8.246, 0.036
1H2106-099,r,58705.113690, 8.294, 0.036
1H2106-099,r,58705.115387, 8.301, 0.036
1H2106-099,r,58705.135298, 8.266, 0.036
1H2106-099,r,58705.136989, 8.274, 0.036
1H2106-099,r,58712.064287, 8.399, 0.039
1H2106-099,r,58712.065979, 8.419, 0.039
1H2106-099,r,58712.096091, 8.442, 0.041
1H2106-099,r,58712.097100, 8.422, 0.041
1H2106-099,r,58716.226698, 8.578, 0.036
1H2106-099,r,58716.228379, 8.547, 0.036
1H2106-099,r,58721.274545, 8.719, 0.036
1H2106-099,r,58721.276237, 8.722, 0.036
1H2106-099,r,58723.249553, 8.766, 0.036
1H2106-099,r,58723.251233, 8.746, 0.036
1H2106-099,r,58725.004556, 8.783, 0.036
1H2106-099,r,58725.006236, 8.787, 0.036
1H2106-099,r,58725.191924, 8.791, 0.036
1H2106-099,r,58725.193617, 8.813, 0.036
1H2106-099,r,58726.060241, 8.719, 0.036
1H2106-099,r,58726.061925, 8.737, 0.036
1H2106-099,r,58727.101839, 8.737, 0.036
1H2106-099,r,58727.103532, 8.751, 0.036
1H2106-099,r,58729.210560, 8.817, 0.036
1H2106-099,r,58729.212252, 8.821, 0.036
1H2106-099,r,58739.107362, 8.772, 0.045
1H2106-099,r,58739.109051, 8.840, 0.050
1H2106-099,r,58739.170554, 8.815, 0.056
1H2106-099,r,58739.172248, 8.624, 0.086
1H2106-099,r,58740.219193, 8.763, 0.048
1H2106-099,r,58740.220198, 8.826, 0.049
1H2106-099,r,58741.101775, 8.800, 0.037
1H2106-099,r,58741.103466, 8.800, 0.037
1H2106-099,r,58744.200589, 8.907, 0.038
1H2106-099,r,58744.201598, 8.914, 0.038
1H2106-099,r,58748.107273, 8.818, 0.036
1H2106-099,r,58748.108966, 8.811, 0.036
1H2106-099,r,58748.201824, 8.909, 0.037
1H2106-099,r,58748.202821, 8.833, 0.037
1H2106-099,r,58749.011825, 8.534, 0.107
1H2106-099,r,58749.013518, 9.473, 0.260
1H2106-099,r,58750.178134, 8.762, 0.036
1H2106-099,r,58750.179823, 8.776, 0.036
1H2106-099,r,58754.027535, 8.536, 0.036
1H2106-099,r,58754.029230, 8.536, 0.036
1H2106-099,r,58759.157070, 8.218, 0.049
1H2106-099,r,58759.158762, 8.156, 0.050
1H2106-099,r,58761.120799, 8.292, 0.036
1H2106-099,r,58761.122490, 8.325, 0.036
1H2106-099,r,58766.130398, 8.586, 0.044
1H2106-099,r,58766.131400, 8.516, 0.044
1H2106-099,r,58778.050982, 8.869, 0.036
1H2106-099,r,58778.052678, 8.816, 0.036
1H2106-099,r,58780.114371, 8.946, 0.042
1H2106-099,r,58780.116074, 8.803, 0.053
1H2106-099,r,58781.067563, 8.921, 0.037
1H2106-099,r,58781.068560, 8.922, 0.037
1H2106-099,r,58781.094752, 8.896, 0.036
1H2106-099,r,58781.096444, 8.902, 0.036
1H2106-099,r,58653.615846, 8.209, 0.065
1H2106-099,r,58653.617550, 8.203, 0.065
1H2106-099,r,58660.741862, 8.418, 0.064
1H2106-099,r,58660.743566, 8.383, 0.064
1H2106-099,r,58661.733742, 8.355, 0.065
1H2106-099,r,58661.734752, 8.370, 0.065
1H2106-099,r,58662.788899, 8.321, 0.064
1H2106-099,r,58662.790604, 8.332, 0.064
1H2106-099,r,58673.697157, 7.705, 0.064
1H2106-099,r,58673.698874, 7.709, 0.064
1H2106-099,r,58675.543990, 7.701, 0.064
1H2106-099,r,58675.545696, 7.738, 0.064
1H2106-099,r,58679.520418, 8.276, 0.120
1H2106-099,r,58679.522124, 8.248, 0.113
1H2106-099,r,58679.579340, 8.478, 0.170
1H2106-099,r,58679.581046, 8.490, 0.173
1H2106-099,r,58684.709170, 8.075, 0.065
1H2106-099,r,58684.710874, 8.114, 0.065
1H2106-099,r,58688.522066, 8.208, 0.064
1H2106-099,r,58688.523760, 8.213, 0.064
1H2106-099,r,58691.485693, 8.219, 0.064
1H2106-099,r,58691.487397, 8.215, 0.064
1H2106-099,r,58691.507422, 8.198, 0.065
1H2106-099,r,58691.509128, 8.405, 0.069
1H2106-099,r,58691.657388, 8.163, 0.064
1H2106-099,r,58691.659093, 8.176, 0.064
1H2106-099,r,58697.694750, 8.148, 0.064
1H2106-099,r,58697.696455, 8.160, 0.064
1H2106-099,r,58698.698626, 8.011, 0.064
1H2106-099,r,58698.700342, 8.008, 0.064
1H2106-099,r,58699.664193, 8.209, 0.064
1H2106-099,r,58699.665897, 8.200, 0.064
1H2106-099,r,58700.563693, 8.216, 0.064
1H2106-099,r,58700.565409, 8.190, 0.064
1H2106-099,r,58700.701036, 8.230, 0.064
1H2106-099,r,58700.702752, 8.230, 0.064
1H2106-099,u,58731.799045, 3.354, 0.019
1H2106-099,u,58731.806296, 3.399, 0.019
1H2106-099,u,58732.791908, 3.352, 0.019
1H2106-099,u,58732.799165, 3.335, 0.019
1H2106-099,u,58762.854148, 3.048, 0.021
1H2106-099,u,58762.861402, 3.074, 0.025
1H2106-099,u,58796.796096, 3.371, 0.019
1H2106-099,u,58796.803358, 3.330, 0.020
1H2106-099,u,58800.780081, 3.373, 0.019
1H2106-099,u,58800.787348, 3.408, 0.019
1H2106-099,u,58675.890411, 2.684, 0.008
1H2106-099,u,58675.897653, 2.695, 0.008
1H2106-099,u,58698.871428, 3.078, 0.008
1H2106-099,u,58698.878680, 3.106, 0.008
1H2106-099,u,58704.806001, 3.123, 0.009
1H2106-099,u,58704.813245, 3.120, 0.009
1H2106-099,u,58707.925306, 3.205, 0.010
1H2106-099,u,58707.932562, 3.210, 0.010
1H2106-099,u,58715.864358, 3.361, 0.008
1H2106-099,u,58715.871615, 3.365, 0.008
1H2106-099,u,58739.773309, 3.424, 0.033
1H2106-099,u,58687.739906, 2.952, 0.014
1H2106-099,u,58687.747157, 2.987, 0.014
1H2106-099,u,58691.618392, 2.943, 0.013
1H2106-099,u,58691.625644, 2.941, 0.013
1H2106-099,u,58702.663912, 3.054, 0.023
1H2106-099,u,58759.378253, 2.912, 0.014
1H2106-099,u,58759.385509, 2.911, 0.014
1H2106-099,u,58793.400758, 3.436, 0.015
1H2106-099,u,58793.408021, 3.436, 0.015
1H2106-099,u,58793.431769, 3.403, 0.015
1H2106-099,u,58793.439028, 3.395, 0.015
1H2106-099,u,58769.741114, 3.226, 0.007
1H2106-099,u,58769.748369, 3.220, 0.007
1H2106-099,u,58763.007474, 3.039, 0.026
1H2106-099,u,58763.014726, 3.069, 0.018
1H2106-099,u,58774.083823, 3.263, 0.022
1H2106-099,u,58774.091078, 3.263, 0.022
1H2106-099,u,58777.108206, 3.346, 0.019
1H2106-099,u,58777.115451, 3.324, 0.024
1H2106-099,u,58665.379347, 3.051, 0.021
1H2106-099,u,58665.386591, 3.017, 0.018
1H2106-099,u,58702.344159, 3.037, 0.019
1H2106-099,u,58702.351427, 3.070, 0.020
1H2106-099,u,58719.296376, 3.444, 0.018
1H2106-099,u,58719.303633, 3.335, 0.069
1H2106-099,u,58788.122821, 3.545, 0.006
1H2106-099,u,58788.130101, 3.544, 0.006
1H2106-099,u,58657.371065, 3.138, 0.012
1H2106-099,u,58657.378309, 3.118, 0.017
1H2106-099,u,58679.170502, 2.770, 0.014
1H2106-099,u,58679.177758, 2.766, 0.015
1H2106-099,u,58695.316201, 2.854, 0.017
1H2106-099,u,58695.323445, 2.876, 0.011
1H2106-099,u,58727.202361, 3.413, 0.015
1H2106-099,u,58727.209606, 3.420, 0.013
1H2106-099,u,58744.154774, 3.439, 0.011
1H2106-099,u,58744.162018, 3.419, 0.016
1H2106-099,u,58751.020611, 3.268, 0.012
1H2106-099,u,58751.027864, 3.254, 0.016
1H2106-099,u,58755.086503, 3.020, 0.015
1H2106-099,u,58755.093750, 3.025, 0.013
1H2106-099,u,58774.115845, 3.267, 0.014
1H2106-099,u,58774.123137, 3.267, 0.014
1H2106-099,u,58671.205283, 2.659, 0.024
1H2106-099,u,58671.212538, 2.673, 0.024
1H2106-099,u,58684.219628, 2.992, 0.023
1H2106-099,u,58684.226873, 2.911, 0.023
1H2106-099,u,58712.081680, 3.195, 0.025
1H2106-099,u,58712.088933, 3.192, 0.025
1H2106-099,u,58740.204761, 3.474, 0.030
1H2106-099,u,58740.212008, 3.372, 0.030
1H2106-099,u,58744.186130, 3.453, 0.023
1H2106-099,u,58744.193374, 3.398, 0.023
1H2106-099,u,58748.187434, 3.357, 0.022
1H2106-099,u,58748.194681, 3.371, 0.022
1H2106-099,u,58766.115966, 3.195, 0.025
1H2106-099,u,58766.123223, 3.189, 0.025
1H2106-099,u,58781.053162, 3.462, 0.022
1H2106-099,u,58781.060412, 3.485, 0.022
1H2106-099,u,58661.719330, 3.075, 0.019
1H2106-099,u,58661.726575, 3.044, 0.019
1H2106-099,z,58676.890310, 9.463, 0.082
1H2106-099,z,58676.893404, 9.441, 0.082
1H2106-099,z,58677.077884, 9.440, 0.082
1H2106-099,z,58677.080967, 9.460, 0.082
1H2106-099,z,58678.112056, 9.502, 0.082
1H2106-099,z,58678.115174, 9.476, 0.082
1H2106-099,z,58679.882291, 9.794, 0.093
1H2106-099,z,58679.885363, 9.767, 0.093
1H2106-099,z,58690.000381, 9.990, 0.082
1H2106-099,z,58690.003464, 9.951, 0.082
1H2106-099,z,58698.074884, 9.933, 0.082
1H2106-099,z,58698.077967, 9.931, 0.082
1H2106-099,z,58699.079333, 9.949, 0.082
1H2106-099,z,58699.082417, 9.921, 0.082
1H2106-099,z,58704.942002,11.313, 0.298
1H2106-099,z,58705.811368,10.012, 0.084
1H2106-099,z,58705.814451,10.010, 0.084
1H2106-099,z,58712.827142,10.041, 0.086
1H2106-099,z,58712.830235,10.005, 0.086
1H2106-099,z,58715.870104,10.547, 0.082
1H2106-099,z,58715.873199,10.189, 0.082
1H2106-099,z,58717.944915,10.296, 0.082
1H2106-099,z,58717.947999,10.277, 0.082
1H2106-099,z,58718.779750,10.335, 0.082
1H2106-099,z,58718.782833,10.346, 0.082
1H2106-099,z,58719.807403,10.222, 0.082
1H2106-099,z,58719.810490,10.268, 0.082
1H2106-099,z,58720.770476,10.279, 0.082
1H2106-099,z,58720.773559,10.254, 0.082
1H2106-099,z,58722.020002,10.333, 0.088
1H2106-099,z,58726.779817,10.320, 0.082
1H2106-099,z,58726.782900,10.318, 0.082
1H2106-099,z,58727.779809,10.371, 0.082
1H2106-099,z,58727.782881,10.424, 0.082
1H2106-099,z,58731.817741,10.628, 0.092
1H2106-099,z,58732.772133,10.387, 0.083
1H2106-099,z,58732.775218,10.460, 0.083
1H2106-099,z,58732.810953,10.371, 0.085
1H2106-099,z,58732.812648,10.357, 0.085
1H2106-099,z,58734.732582,10.486, 0.087
1H2106-099,z,58734.735665,10.469, 0.087
1H2106-099,z,58734.759960,10.455, 0.087
1H2106-099,z,58734.763043,10.419, 0.087
1H2106-099,z,58751.837524,10.534, 0.082
1H2106-099,z,58751.840599,10.533, 0.082
1H2106-099,z,58753.741129,10.350, 0.082
1H2106-099,z,58753.744213,10.346, 0.082
1H2106-099,z,58762.844429,10.024, 0.084
1H2106-099,z,58762.847521,10.045, 0.083
1H2106-099,z,58767.806285,10.346, 0.083
1H2106-099,z,58767.809380,10.287, 0.083
1H2106-099,z,58768.752029,10.322, 0.082
1H2106-099,z,58768.755119,10.332, 0.082
1H2106-099,z,58769.749478,10.308, 0.082
1H2106-099,z,58769.752564,10.296, 0.082
1H2106-099,z,58770.750200,10.291, 0.082
1H2106-099,z,58770.753299,10.269, 0.082
1H2106-099,z,58771.770621,10.364, 0.083
1H2106-099,z,58771.773706,10.375, 0.082
1H2106-099,z,58772.811539,10.395, 0.082
1H2106-099,z,58772.814621,10.401, 0.082
1H2106-099,z,58781.816768,10.682, 0.084
1H2106-099,z,58781.819862,10.713, 0.083
1H2106-099,z,58796.815236,10.642, 0.085
1H2106-099,z,58796.816927,10.683, 0.085
1H2106-099,z,58800.799176,10.747, 0.085
1H2106-099,z,58800.800868,10.685, 0.085
1H2106-099,z,58675.909531, 9.528, 0.093
1H2106-099,z,58675.911224, 9.519, 0.093
1H2106-099,z,58677.887822, 9.555, 0.093
1H2106-099,z,58677.890896, 9.522, 0.092
1H2106-099,z,58678.884974, 9.442, 0.095
1H2106-099,z,58678.888052, 9.393, 0.095
1H2106-099,z,58679.123893, 9.565, 0.091
1H2106-099,z,58679.126971, 9.550, 0.091
1H2106-099,z,58681.026028,10.192, 0.551
1H2106-099,z,58681.029111, 8.810, 0.392
1H2106-099,z,58684.968318, 9.808, 0.092
1H2106-099,z,58684.971390, 9.828, 0.092
1H2106-099,z,58690.895201, 9.949, 0.090
1H2106-099,z,58690.898278, 9.976, 0.090
1H2106-099,z,58692.055589, 9.655, 0.103
1H2106-099,z,58692.058766, 9.708, 0.091
1H2106-099,z,58692.949632, 9.863, 0.091
1H2106-099,z,58692.952715, 9.877, 0.091
1H2106-099,z,58693.095240, 9.893, 0.091
1H2106-099,z,58693.098347, 9.861, 0.091
1H2106-099,z,58698.890504, 9.851, 0.092
1H2106-099,z,58698.892188, 9.890, 0.092
1H2106-099,z,58704.825131,10.015, 0.094
1H2106-099,z,58704.826823, 9.973, 0.093
1H2106-099,z,58707.944401,10.051, 0.097
1H2106-099,z,58707.946093,10.216, 0.097
1H2106-099,z,58707.975685,10.274, 0.093
1H2106-099,z,58707.978757,10.090, 0.092
1H2106-099,z,58711.802789,10.254, 0.101
1H2106-099,z,58711.805880,10.275, 0.101
1H2106-099,z,58713.806232,10.222, 0.092
1H2106-099,z,58713.809315,10.143, 0.093
1H2106-099,z,58715.010073,10.207, 0.091
1H2106-099,z,58715.013158,10.114, 0.091
1H2106-099,z,58715.883440,10.208, 0.093
1H2106-099,z,58715.885124,10.246, 0.093
1H2106-099,z,58717.022623,10.144, 0.091
1H2106-099,z,58717.025706,10.178, 0.091
1H2106-099,z,58723.960192,10.413, 0.091
1H2106-099,z,58723.963287,10.420, 0.091
1H2106-099,z,58749.862238,10.610, 0.090
1H2106-099,z,58749.865311,10.607, 0.090
1H2106-099,z,58752.901834,10.373, 0.091
1H2106-099,z,58752.904928,10.354, 0.091
1H2106-099,z,58759.882635,10.007, 0.090
1H2106-099,z,58759.885723, 9.953, 0.090
1H2106-099,z,58768.856978,10.315, 0.091
1H2106-099,z,58768.860050,10.413, 0.091
1H2106-099,z,58660.696390,10.067, 0.065
1H2106-099,z,58660.699488,10.056, 0.065
1H2106-099,z,58664.779882,10.633, 0.100
1H2106-099,z,58664.782965,10.281, 0.067
1H2106-099,z,58665.698485,10.834, 0.152
1H2106-099,z,58666.729400,10.084, 0.067
1H2106-099,z,58666.732498,10.076, 0.066
1H2106-099,z,58684.692872, 9.985, 0.068
1H2106-099,z,58684.695967,10.125, 0.068
1H2106-099,z,58686.694153, 9.938, 0.065
1H2106-099,z,58686.697250, 9.900, 0.065
1H2106-099,z,58686.719401, 9.913, 0.065
1H2106-099,z,58686.722485, 9.970, 0.066
1H2106-099,z,58687.759060,10.029, 0.070
1H2106-099,z,58687.760753,10.065, 0.070
1H2106-099,z,58688.578515, 9.928, 0.066
1H2106-099,z,58688.581612,10.008, 0.066
1H2106-099,z,58690.745214, 9.997, 0.065
1H2106-099,z,58690.748323, 9.975, 0.065
1H2106-099,z,58691.637537, 9.927, 0.067
1H2106-099,z,58691.639240, 9.937, 0.067
1H2106-099,z,58691.701722, 9.895, 0.065
1H2106-099,z,58691.704808, 9.893, 0.065
1H2106-099,z,58696.716258, 9.804, 0.065
1H2106-099,z,58696.719345, 9.775, 0.065
1H2106-099,z,58701.578919, 9.943, 0.065
1H2106-099,z,58701.582018, 9.945, 0.065
1H2106-099,z,58703.467331, 9.924, 0.065
1H2106-099,z,58703.470417, 9.941, 0.065
1H2106-099,z,58707.578846, 9.986, 0.066
1H2106-099,z,58707.581933,10.015, 0.066
1H2106-099,z,58714.557514,10.191, 0.065
1H2106-099,z,58714.560600,10.131, 0.065
1H2106-099,z,58714.690221,10.324, 0.067
1H2106-099,z,58714.693308,10.262, 0.067
1H2106-099,z,58728.629818,10.416, 0.065
1H2106-099,z,58728.632905,10.379, 0.065
1H2106-099,z,58731.585475,10.412, 0.065
1H2106-099,z,58731.588562,10.442, 0.065
1H2106-099,z,58733.501222,10.420, 0.065
1H2106-099,z,58733.504307,10.437, 0.065
1H2106-099,z,58739.584045, 9.919, 0.155
1H2106-099,z,58739.587132,10.038, 0.125
1H2106-099,z,58740.551519,10.452, 0.069
1H2106-099,z,58740.554604,10.415, 0.069
1H2106-099,z,58741.540220,10.516, 0.066
1H2106-099,z,58741.543315,10.490, 0.066
1H2106-099,z,58741.594763,10.483, 0.067
1H2106-099,z,58741.597858,10.511, 0.067
1H2106-099,z,58745.554240,10.571, 0.066
1H2106-099,z,58745.557335,10.596, 0.066
1H2106-099,z,58748.529652,10.626, 0.065
1H2106-099,z,58748.532747,10.624, 0.065
1H2106-099,z,58749.442342,10.545, 0.065
1H2106-099,z,58749.445440,10.546, 0.065
1H2106-099,z,58751.462742,10.470, 0.065
1H2106-099,z,58751.465829,10.477, 0.065
1H2106-099,z,58752.472875,10.493, 0.065
1H2106-099,z,58752.475959,10.464, 0.065
1H2106-099,z,58758.534049,10.094, 0.065
1H2106-099,z,58758.537137,10.090, 0.065
1H2106-099,z,58759.397384, 9.969, 0.069
1H2106-099,z,58759.399089,10.070, 0.069
1H2106-099,z,58760.387292,10.091, 0.066
1H2106-099,z,58760.390376,10.047, 0.066
1H2106-099,z,58761.560998,10.012, 0.067
1H2106-099,z,58761.564085,10.049, 0.067
1H2106-099,z,58762.426446,10.065, 0.067
1H2106-099,z,58762.429532,10.130, 0.067
1H2106-099,z,58766.467530,10.334, 0.071
1H2106-099,z,58766.470660,10.388, 0.071
1H2106-099,z,58768.397586,10.177, 0.068
1H2106-099,z,58768.399429,10.165, 0.110
1H2106-099,z,58769.518333,10.432, 0.072
1H2106-099,z,58769.521417,10.309, 0.074
1H2106-099,z,58770.492702,10.257, 0.067
1H2106-099,z,58770.495795,10.140, 0.077
1H2106-099,z,58771.421188,10.362, 0.066
1H2106-099,z,58771.424272,10.360, 0.066
1H2106-099,z,58773.448640,10.369, 0.065
1H2106-099,z,58776.439341,10.523, 0.066
1H2106-099,z,58776.442443,10.421, 0.066
1H2106-099,z,58777.463928,10.474, 0.065
1H2106-099,z,58777.467014,10.548, 0.065
1H2106-099,z,58778.461334,10.544, 0.065
1H2106-099,z,58778.464420,10.525, 0.065
1H2106-099,z,58779.400278,10.581, 0.066
1H2106-099,z,58779.403373,10.842, 0.068
1H2106-099,z,58782.424149,10.506, 0.067
1H2106-099,z,58782.427235,10.494, 0.067
1H2106-099,z,58783.461359,10.505, 0.066
1H2106-099,z,58783.464454,10.505, 0.066
1H2106-099,z,58787.436728,10.593, 0.069
1H2106-099,z,58787.439812,10.751, 0.068
1H2106-099,z,58793.419911,10.722, 0.073
1H2106-099,z,58793.421617,10.828, 0.073
1H2106-099,z,58793.450943,10.723, 0.073
1H2106-099,z,58793.452649,10.685, 0.073
1H2106-099,z,58658.096165,10.078, 0.069
1H2106-099,z,58658.099235,10.078, 0.069
1H2106-099,z,58664.106837,10.105, 0.068
1H2106-099,z,58664.109915,10.084, 0.068
1H2106-099,z,58668.114059,10.059, 0.068
1H2106-099,z,58668.117172,10.093, 0.069
1H2106-099,z,58674.010237, 9.557, 0.068
1H2106-099,z,58674.013309, 9.566, 0.068
1H2106-099,z,58696.835723, 9.879, 0.068
1H2106-099,z,58696.838805, 9.917, 0.068
1H2106-099,z,58701.929871, 9.895, 0.068
1H2106-099,z,58701.932948, 9.860, 0.068
1H2106-099,z,58713.035265, 9.991, 0.077
1H2106-099,z,58713.038337,10.010, 0.077
1H2106-099,z,58714.046797,10.026, 0.071
1H2106-099,z,58714.049881,10.049, 0.071
1H2106-099,z,58721.904230,10.350, 0.068
1H2106-099,z,58721.907320,10.358, 0.068
1H2106-099,z,58729.860422,10.509, 0.068
1H2106-099,z,58729.863505,10.510, 0.068
1H2106-099,z,58743.806367,10.363, 0.068
1H2106-099,z,58743.809450,10.353, 0.068
1H2106-099,z,58748.830194,10.567, 0.067
1H2106-099,z,58748.833277,10.563, 0.067
1H2106-099,z,58752.844569,10.441, 0.068
1H2106-099,z,58756.776263,10.195, 0.067
1H2106-099,z,58756.779347,10.129, 0.067
1H2106-099,z,58757.791607,10.091, 0.067
1H2106-099,z,58757.794688,10.123, 0.067
1H2106-099,z,58760.762479,10.149, 0.068
1H2106-099,z,58760.765567,10.147, 0.068
1H2106-099,z,58766.806358,10.369, 0.069
1H2106-099,z,58766.809441,10.332, 0.069
1H2106-099,z,58769.760217,10.262, 0.070
1H2106-099,z,58769.761906,10.244, 0.070
1H2106-099,z,58774.763078,10.525, 0.067
1H2106-099,z,58774.766155,10.524, 0.068
1H2106-099,z,58775.771479,10.429, 0.068
1H2106-099,z,58775.774551,10.407, 0.068
1H2106-099,z,58777.783056,10.571, 0.068
1H2106-099,z,58777.786141,10.553, 0.068
1H2106-099,z,58787.831418,10.746, 0.068
1H2106-099,z,58787.834528,10.642, 0.068
1H2106-099,z,58726.265414,10.497, 0.056
1H2106-099,z,58726.268488,10.472, 0.056
1H2106-099,z,58727.078361,10.483, 0.056
1H2106-099,z,58727.081433,10.453, 0.057
1H2106-099,z,58727.212155,10.509, 0.056
1H2106-099,z,58727.215240,10.521, 0.056
1H2106-099,z,58728.240772,10.479, 0.056
1H2106-099,z,58728.243849,10.452, 0.056
1H2106-099,z,58730.165931,10.468, 0.057
1H2106-099,z,58730.169009,10.420, 0.059
1H2106-099,z,58732.240611,10.528, 0.080
1H2106-099,z,58744.163246,10.531, 0.057
1H2106-099,z,58744.166338,10.500, 0.057
1H2106-099,z,58746.038903,10.598, 0.056
1H2106-099,z,58746.041986,10.609, 0.056
1H2106-099,z,58746.172257,10.538, 0.056
1H2106-099,z,58746.175340,10.568, 0.056
1H2106-099,z,58753.116171,10.329, 0.056
1H2106-099,z,58753.119322,10.274, 0.064
1H2106-099,z,58755.109647,10.226, 0.056
1H2106-099,z,58755.112731,10.197, 0.056
1H2106-099,z,58756.029651,10.168, 0.057
1H2106-099,z,58756.032729,10.156, 0.057
1H2106-099,z,58758.118964,10.082, 0.056
1H2106-099,z,58758.122054,10.100, 0.056
1H2106-099,z,58763.026551,10.168, 0.062
1H2106-099,z,58763.028252,10.112, 0.062
1H2106-099,z,58766.024504,10.413, 0.060
1H2106-099,z,58766.027599,10.374, 0.062
1H2106-099,z,58766.120786,10.372, 0.063
1H2106-099,z,58766.123880,10.317, 0.062
1H2106-099,z,58767.151336, 9.195, 0.480
1H2106-099,z,58771.138433,10.354, 0.063
1H2106-099,z,58771.141516,10.310, 0.060
1H2106-099,z,58774.102955,10.370, 0.059
1H2106-099,z,58774.104656,10.372, 0.059
1H2106-099,z,58777.127279,10.557, 0.060
1H2106-099,z,58777.128971,10.525, 0.060
1H2106-099,z,58663.398981,10.128, 0.129
1H2106-099,z,58663.402064,10.169, 0.129
1H2106-099,z,58665.398433,10.108, 0.131
1H2106-099,z,58665.400126,10.020, 0.131
1H2106-099,z,58670.450051, 9.692, 0.130
1H2106-099,z,58670.453146, 9.698, 0.130
1H2106-099,z,58690.404890, 9.983, 0.129
1H2106-099,z,58690.407985, 9.956, 0.129
1H2106-099,z,58692.365810,10.342, 0.131
1H2106-099,z,58692.368905,11.182, 0.261
1H2106-099,z,58704.352623, 9.964, 0.129
1H2106-099,z,58704.355706, 9.955, 0.129
1H2106-099,z,58705.365613, 9.900, 0.129
1H2106-099,z,58705.368692, 9.894, 0.129
1H2106-099,z,58715.343149,10.188, 0.129
1H2106-099,z,58715.346221,10.234, 0.129
1H2106-099,z,58721.237813,10.310, 0.129
1H2106-099,z,58721.240897,10.364, 0.129
1H2106-099,z,58722.244258,10.425, 0.129
1H2106-099,z,58722.247342,10.452, 0.129
1H2106-099,z,58730.275315,10.372, 0.129
1H2106-099,z,58730.278387,10.379, 0.129
1H2106-099,z,58731.274240,10.262, 0.130
1H2106-099,z,58733.288499,10.439, 0.129
1H2106-099,z,58733.291571,10.485, 0.129
1H2106-099,z,58755.194522,10.292, 0.129
1H2106-099,z,58755.197617,10.323, 0.129
1H2106-099,z,58685.377034, 9.799, 0.175
1H2106-099,z,58685.380117, 9.824, 0.175
1H2106-099,z,58689.394481,10.083, 0.177
1H2106-099,z,58689.397599,10.362, 0.183
1H2106-099,z,58693.400029, 9.795, 0.175
1H2106-099,z,58693.403113, 9.816, 0.175
1H2106-099,z,58694.274979, 9.834, 0.175
1H2106-099,z,58694.278067, 9.795, 0.175
1H2106-099,z,58694.394293, 9.853, 0.175
1H2106-099,z,58694.397371, 9.859, 0.175
1H2106-099,z,58697.390883, 9.730, 0.175
1H2106-099,z,58697.393962, 9.748, 0.175
1H2106-099,z,58698.387075, 9.897, 0.175
1H2106-099,z,58698.390147, 9.898, 0.176
1H2106-099,z,58701.227773, 9.779, 0.175
1H2106-099,z,58701.230858, 9.770, 0.175
1H2106-099,z,58719.315495,11.391, 0.221
1H2106-099,z,58719.317187,11.448, 0.396
1H2106-099,z,58720.182071,10.156, 0.175
1H2106-099,z,58720.185157,10.204, 0.175
1H2106-099,z,58720.224215,10.464, 0.175
1H2106-099,z,58720.227312,10.325, 0.175
1H2106-099,z,58722.302599,10.460, 0.175
1H2106-099,z,58722.305683,10.376, 0.175
1H2106-099,z,58784.147655,12.257, 0.339
1H2106-099,z,58784.150740,12.456, 0.388
1H2106-099,z,58788.142069,10.750, 0.176
1H2106-099,z,58788.143762,10.624, 0.176
1H2106-099,z,58657.332698,10.158, 0.091
1H2106-099,z,58657.335776,10.135, 0.091
1H2106-099,z,58657.390222,10.005, 0.094
1H2106-099,z,58657.391913,10.029, 0.094
1H2106-099,z,58659.344724,10.098, 0.092
1H2106-099,z,58659.347806,10.107, 0.091
1H2106-099,z,58659.435942,10.023, 0.092
1H2106-099,z,58659.439029,10.092, 0.092
1H2106-099,z,58660.310921,10.093, 0.091
1H2106-099,z,58660.314017,10.115, 0.091
1H2106-099,z,58662.183786, 9.984, 0.091
1H2106-099,z,58662.186869,10.026, 0.091
1H2106-099,z,58665.382280, 9.928, 0.091
1H2106-099,z,58665.385367,10.000, 0.091
1H2106-099,z,58666.265922,10.024, 0.091
1H2106-099,z,58666.269006,10.015, 0.091
1H2106-099,z,58667.411747,10.081, 0.091
1H2106-099,z,58667.414840,10.116, 0.091
1H2106-099,z,58671.276365,10.650, 0.189
1H2106-099,z,58671.279611,10.560, 0.167
1H2106-099,z,58675.185919, 9.424, 0.091
1H2106-099,z,58675.188999, 9.408, 0.091
1H2106-099,z,58675.222498, 9.519, 0.092
1H2106-099,z,58675.225581, 9.502, 0.092
1H2106-099,z,58676.145863, 9.423, 0.091
1H2106-099,z,58676.148941, 9.413, 0.091
1H2106-099,z,58677.306314, 9.450, 0.091
1H2106-099,z,58677.309402, 9.491, 0.091
1H2106-099,z,58679.189597, 9.598, 0.099
1H2106-099,z,58679.191313, 9.554, 0.099
1H2106-099,z,58680.134981, 9.536, 0.097
1H2106-099,z,58680.138064, 9.469, 0.097
1H2106-099,z,58681.256065, 9.853, 0.095
1H2106-099,z,58681.259148, 9.812, 0.095
1H2106-099,z,58684.337323, 9.803, 0.093
1H2106-099,z,58684.340405, 9.738, 0.093
1H2106-099,z,58688.276214,10.000, 0.091
1H2106-099,z,58688.279294,10.042, 0.091
1H2106-099,z,58695.277842, 9.820, 0.091
1H2106-099,z,58695.280921, 9.835, 0.091
1H2106-099,z,58695.335325, 9.687, 0.092
1H2106-099,z,58695.337015, 9.694, 0.092
1H2106-099,z,58703.077175, 9.905, 0.091
1H2106-099,z,58703.080250,10.056, 0.092
1H2106-099,z,58706.074333, 9.920, 0.095
1H2106-099,z,58706.077419,10.102, 0.104
1H2106-099,z,58707.153261, 9.901, 0.093
1H2106-099,z,58707.156344, 9.886, 0.093
1H2106-099,z,58719.142795,10.271, 0.091
1H2106-099,z,58719.145867,10.270, 0.091
1H2106-099,z,58727.173407,10.514, 0.091
1H2106-099,z,58727.176000,10.493, 0.092
1H2106-099,z,58727.221479,10.571, 0.092
1H2106-099,z,58727.223171,10.426, 0.092
1H2106-099,z,58729.199375,10.393, 0.091
1H2106-099,z,58729.202458,10.383, 0.091
1H2106-099,z,58731.239485,11.049, 0.126
1H2106-099,z,58731.241883,10.930, 0.096
1H2106-099,z,58733.986684,10.298, 0.093
1H2106-099,z,58733.989767,10.290, 0.093
1H2106-099,z,58734.012158,10.328, 0.093
1H2106-099,z,58734.015241,10.368, 0.093
1H2106-099,z,58734.122386,10.340, 0.091
1H2106-099,z,58734.125462,10.395, 0.091
1H2106-099,z,58740.139102,10.465, 0.093
1H2106-099,z,58740.142189,10.451, 0.093
1H2106-099,z,58740.225316,10.420, 0.099
1H2106-099,z,58740.228405,10.336, 0.098
1H2106-099,z,58741.999135,10.644, 0.091
1H2106-099,z,58742.002216,10.609, 0.091
1H2106-099,z,58743.115417,10.651, 0.092
1H2106-099,z,58743.118494,10.581, 0.091
1H2106-099,z,58744.173859,10.497, 0.093
1H2106-099,z,58744.175563,10.430, 0.093
1H2106-099,z,58745.121809,10.624, 0.091
1H2106-099,z,58745.124889,10.594, 0.091
1H2106-099,z,58747.095619,10.605, 0.091
1H2106-099,z,58747.098704,10.605, 0.091
1H2106-099,z,58747.195588,10.566, 0.091
1H2106-099,z,58747.198675,10.562, 0.091
1H2106-099,z,58751.039729,10.587, 0.093
1H2106-099,z,58751.041425,10.401, 0.093
1H2106-099,z,58751.186876,10.442, 0.091
1H2106-099,z,58751.189968,10.438, 0.091
1H2106-099,z,58752.133902,10.501, 0.091
1H2106-099,z,58752.136987,10.499, 0.091
1H2106-099,z,58755.105599,10.363, 0.092
1H2106-099,z,58755.107290,10.343, 0.092
1H2106-099,z,58756.176834,10.213, 0.091
1H2106-099,z,58756.179917,10.245, 0.091
1H2106-099,z,58757.038203,10.232, 0.091
1H2106-099,z,58757.041284,10.150, 0.091
1H2106-099,z,58762.032201, 9.897, 0.091
1H2106-099,z,58762.035277, 9.897, 0.091
1H2106-099,z,58762.093539,10.150, 0.091
1H2106-099,z,58762.096622,10.199, 0.091
1H2106-099,z,58772.133977,10.545, 0.150
1H2106-099,z,58772.137049,10.122, 0.169
1H2106-099,z,58773.009907,10.370, 0.091
1H2106-099,z,58773.012990,10.361, 0.091
1H2106-099,z,58774.024076,10.489, 0.091
1H2106-099,z,58774.027159,10.482, 0.091
1H2106-099,z,58774.093545,10.371, 0.091
1H2106-099,z,58774.096617,10.338, 0.091
1H2106-099,z,58774.135000,10.284, 0.093
1H2106-099,z,58774.136692,10.381, 0.093
1H2106-099,z,58776.017085,10.921, 0.092
1H2106-099,z,58776.020172,10.808, 0.092
1H2106-099,z,58777.022806,10.510, 0.092
1H2106-099,z,58777.025890,10.513, 0.091
1H2106-099,z,58662.388710,10.137, 0.113
1H2106-099,z,58662.391793,10.160, 0.119
1H2106-099,z,58664.389192,10.012, 0.111
1H2106-099,z,58664.392280,10.074, 0.111
1H2106-099,z,58668.363044, 9.765, 0.111
1H2106-099,z,58668.366124, 9.774, 0.111
1H2106-099,z,58669.372709, 9.937, 0.110
1H2106-099,z,58669.375793, 9.930, 0.110
1H2106-099,z,58671.224401,10.046, 0.159
1H2106-099,z,58671.226094,10.056, 0.161
1H2106-099,z,58673.357903, 9.562, 0.115
1H2106-099,z,58673.360994, 9.581, 0.113
1H2106-099,z,58676.340326, 9.320, 0.111
1H2106-099,z,58676.343410, 9.249, 0.111
1H2106-099,z,58684.238703, 9.703, 0.113
1H2106-099,z,58684.240397, 9.620, 0.113
1H2106-099,z,58699.306258, 9.895, 0.110
1H2106-099,z,58699.309336, 9.938, 0.111
1H2106-099,z,58700.236040, 9.973, 0.116
1H2106-099,z,58700.239123, 9.950, 0.111
1H2106-099,z,58704.282447, 9.900, 0.110
1H2106-099,z,58704.285542, 9.919, 0.110
1H2106-099,z,58705.121531, 9.993, 0.111
1H2106-099,z,58705.124602,10.001, 0.111
1H2106-099,z,58705.143101,10.021, 0.111
1H2106-099,z,58705.146181,10.029, 0.111
1H2106-099,z,58712.072075,10.074, 0.113
1H2106-099,z,58712.075160,10.068, 0.113
1H2106-099,z,58712.100786,10.161, 0.114
1H2106-099,z,58712.102474,10.216, 0.121
1H2106-099,z,58716.234487,10.239, 0.111
1H2106-099,z,58716.237570,10.238, 0.111
1H2106-099,z,58721.282350,10.346, 0.111
1H2106-099,z,58721.285434,10.334, 0.111
1H2106-099,z,58723.257364,10.429, 0.111
1H2106-099,z,58723.260447,10.456, 0.114
1H2106-099,z,58725.012367,10.568, 0.133
1H2106-099,z,58725.015451,10.633, 0.149
1H2106-099,z,58725.199736,10.376, 0.110
1H2106-099,z,58725.202808,10.426, 0.110
1H2106-099,z,58726.068016,10.245, 0.110
1H2106-099,z,58726.071097,10.259, 0.110
1H2106-099,z,58727.109639,10.345, 0.111
1H2106-099,z,58727.112723,10.285, 0.111
1H2106-099,z,58729.218341,10.503, 0.111
1H2106-099,z,58729.221429,10.500, 0.111
1H2106-099,z,58739.115161,10.283, 0.185
1H2106-099,z,58739.118249,10.420, 0.140
1H2106-099,z,58739.178358,10.929, 0.262
1H2106-099,z,58739.181447,10.509, 0.323
1H2106-099,z,58740.223894,10.221, 0.121
1H2106-099,z,58740.225591,10.255, 0.121
1H2106-099,z,58741.109569,10.471, 0.111
1H2106-099,z,58741.112660,10.462, 0.111
1H2106-099,z,58744.205283,10.700, 0.141
1H2106-099,z,58744.206976,10.793, 0.164
1H2106-099,z,58748.115065,10.621, 0.115
1H2106-099,z,58748.118152,10.635, 0.118
1H2106-099,z,58748.206502,10.604, 0.112
1H2106-099,z,58748.208194,10.663, 0.125
1H2106-099,z,58749.022686,10.781, 0.159
1H2106-099,z,58750.185935,10.546, 0.111
1H2106-099,z,58750.189007,10.564, 0.113
1H2106-099,z,58754.035319,10.394, 0.117
1H2106-099,z,58754.038404,10.384, 0.115
1H2106-099,z,58759.164874,10.058, 0.146
1H2106-099,z,58759.167962, 9.763, 0.133
1H2106-099,z,58761.128578, 9.985, 0.111
1H2106-099,z,58761.131659, 9.942, 0.111
1H2106-099,z,58766.135103,10.310, 0.115
1H2106-099,z,58766.136789,10.259, 0.115
1H2106-099,z,58778.058775,10.600, 0.112
1H2106-099,z,58778.061857,10.628, 0.120
1H2106-099,z,58780.122164,10.746, 0.137
1H2106-099,z,58780.125254,10.663, 0.116
1H2106-099,z,58781.072266,10.674, 0.115
1H2106-099,z,58781.073949,10.708, 0.123
1H2106-099,z,58781.102588,10.657, 0.111
1H2106-099,z,58781.105657,10.677, 0.115
1H2106-099,z,58653.623716,10.008, 0.101
1H2106-099,z,58653.626812,10.022, 0.101
1H2106-099,z,58660.749713,10.004, 0.099
1H2106-099,z,58660.752811, 9.960, 0.099
1H2106-099,z,58661.738453,10.013, 0.101
1H2106-099,z,58661.740147,10.050, 0.101
1H2106-099,z,58662.796740,10.002, 0.099
1H2106-099,z,58662.799885, 9.937, 0.099
1H2106-099,z,58673.705022, 9.481, 0.099
1H2106-099,z,58673.708105, 9.498, 0.099
1H2106-099,z,58675.551832, 9.599, 0.099
1H2106-099,z,58675.554907, 9.585, 0.099
1H2106-099,z,58679.587182,10.059, 0.111
1H2106-099,z,58679.590280, 9.855, 0.108
1H2106-099,z,58684.717017, 9.741, 0.101
1H2106-099,z,58684.720112, 9.695, 0.101
1H2106-099,z,58688.529619, 9.906, 0.100
1H2106-099,z,58691.493531,10.054, 0.100
1H2106-099,z,58691.496617,10.027, 0.099
1H2106-099,z,58691.515282, 9.982, 0.100
1H2106-099,z,58691.518400, 9.996, 0.099
1H2106-099,z,58691.665249, 9.915, 0.099
1H2106-099,z,58697.702601, 9.951, 0.099
1H2106-099,z,58697.705707, 9.951, 0.099
1H2106-099,z,58698.706487, 9.969, 0.099
1H2106-099,z,58698.709571, 9.923, 0.099
1H2106-099,z,58699.672039, 9.865, 0.099
1H2106-099,z,58699.675134, 9.811, 0.099
1H2106-099,z,58700.571540, 9.830, 0.099
1H2106-099,z,58700.574623, 9.859, 0.099
1H2106-099,z,58700.708884, 9.950, 0.099
1H2106-099,z,58700.711967, 9.997, 0.099
